Environment variables with visibility "Plain text" and "Sensitive" loaded from the "production" environment on EAS: EXPO_PUBLIC_NASA_KEY.
Environment variables loaded from the "production" build profile "env" configuration: EXPO_PUBLIC_ADS_TEST.

⠋ Incrementing versionCode from 6 to 7.⠙ Incrementing versionCode from 6 to 7.⠹ Incrementing versionCode from 6 to 7.⠸ Incrementing versionCode from 6 to 7.⠼ Incrementing versionCode from 6 to 7.⠴ Incrementing versionCode from 6 to 7.✔ Incremented versionCode from 6 to 7.
✔ Using remote Android credentials (Expo server)
✔ Using Keystore from configuration: Build Credentials oplGP-2ght (default)
⠋ Computing project fingerprint⠙ Computing project fingerprint⠹ Computing project fingerprint⠸ Computing project fingerprint⠼ Computing project fingerprint⠴ Computing project fingerprint⠦ Computing project fingerprint⠧ Computing project fingerprint⠇ Computing project fingerprint⠏ Computing project fingerprint⠋ Computing project fingerprint⠙ Computing project fingerprint⠹ Computing project fingerprint⠸ Computing project fingerprint⠼ Computing project fingerprint⠴ Computing project fingerprint⠦ Computing project fingerprint⠧ Computing project fingerprint⠇ Computing project fingerprint⠏ Computing project fingerprint⠋ Computing project fingerprint⠙ Computing project fingerprint⠹ Computing project fingerprint⠸ Computing project fingerprint⠼ Computing project fingerprint⠴ Computing project fingerprint⠦ Computing project fingerprint⠧ Computing project fingerprint⠇ Computing project fingerprint⠏ Computing project fingerprint⠋ Computing project fingerprint⠙ Computing project fingerprint⠹ Computing project fingerprint⠸ Computing project fingerprint⠼ Computing project fingerprint⠴ Computing project fingerprint⠦ Computing project fingerprint⠧ Computing project fingerprint⠇ Computing project fingerprint⠏ Computing project fingerprint⠋ Computing project fingerprint⠙ Computing project fingerprint⠹ Computing project fingerprint⠸ Computing project fingerprint⠼ Computing project fingerprint⠴ Computing project fingerprint⠦ Computing project fingerprint⠧ Computing project fingerprint⠇ Computing project fingerprint⠏ Computing project fingerprint⠋ Computing project fingerprint⠙ Computing project fingerprint⠹ Computing project fingerprint⠸ Computing project fingerprint⠼ Computing project fingerprint⠴ Computing project fingerprint⠦ Computing project fingerprint⠧ Computing project fingerprint⠇ Computing project fingerprint⠏ Computing project fingerprint⠋ Computing project fingerprint⌛️ Computing the project fingerprint is taking longer than expected...
⠋ Computing project fingerprint⏩ To skip this step, set the environment variable: EAS_SKIP_AUTO_FINGERPRINT=1
⠋ Computing project fingerprint⠙ Computing project fingerprint⠹ Computing project fingerprint⠸ Computing project fingerprint⠼ Computing project fingerprint⠴ Computing project fingerprint⠦ Computing project fingerprint⠧ Computing project fingerprint⠇ Computing project fingerprint⠏ Computing project fingerprint⠋ Computing project fingerprint⠙ Computing project fingerprint⠹ Computing project fingerprint⠸ Computing project fingerprint⠼ Computing project fingerprint⠴ Computing project fingerprint⠦ Computing project fingerprint⠧ Computing project fingerprint⠇ Computing project fingerprint⠏ Computing project fingerprint⠋ Computing project fingerprint⠙ Computing project fingerprint⠹ Computing project fingerprint⠸ Computing project fingerprint⠼ Computing project fingerprint⠴ Computing project fingerprint⠦ Computing project fingerprint⠧ Computing project fingerprint⠇ Computing project fingerprint⠏ Computing project fingerprint⠋ Computing project fingerprint⠙ Computing project fingerprint⠹ Computing project fingerprint⠸ Computing project fingerprint⠼ Computing project fingerprint⠴ Computing project fingerprint⠦ Computing project fingerprint⠧ Computing project fingerprint⠇ Computing project fingerprint⠏ Computing project fingerprint⠋ Computing project fingerprint⠙ Computing project fingerprint⠹ Computing project fingerprint⠸ Computing project fingerprint⠼ Computing project fingerprint✔ Computed project fingerprint
ANDROID_NDK_HOME environment variable was not specified, continuing build without NDK
[SETUP_WORKINGDIR] Preparing workingdir /tmp/codespace/eas-build-local-nodejs/466b137c-d6b3-49b2-9872-6f9cbf8a678e
[START_BUILD] Starting build
  "job": {
    "type": "managed",
    "platform": "android",
    "projectRootDirectory": ".",
    "projectArchive": {
      "type": "PATH",
      "path": "/tmp/codespace/eas-cli-nodejs/952ecc05-5016-47b8-9e33-81c72026a82a.tar.gz"
    },
    "builderEnvironment": {
      "env": {
        "EXPO_PUBLIC_ADS_TEST": "0"
      }
    },
    "cache": {
      "disabled": false,
      "paths": [],
      "clear": false
    },
    "updates": {},
    "environment": "production",
    "buildType": "app-bundle",
    "username": "samdev2",
    "version": {
      "versionCode": "7"
    },
    "experimental": {},
    "mode": "build",
    "triggeredBy": "EAS_CLI",
    "appId": "749cf8cb-96b3-4b4b-8c29-195193c795d8",
    "initiatingUserId": "0825816c-5333-4156-be7e-025ddec9ad2f"
  }
[PREPARE_PROJECT] Normalizing project source permissions
[READ_EAS_JSON] Using eas.json:
[READ_EAS_JSON] {
  "cli": {
    "version": ">= 16.0.0",
    "appVersionSource": "remote"
  },
  "build": {
    "development": {
      "environment": "development",
      "developmentClient": true,
      "distribution": "internal",
      "android": {
        "buildType": "apk"
      },
      "env": {
        "EXPO_PUBLIC_ADS_TEST": "1",
        "EXPO_PUBLIC_AD_DEBUG": "1"
      }
    },
    "preview": {
      "environment": "preview",
      "distribution": "internal",
      "android": {
        "buildType": "apk"
      },
      "env": {
        "EXPO_PUBLIC_ADS_TEST": "1",
        "EXPO_PUBLIC_AD_DEBUG": "1"
      }
    },
    "production": {
      "environment": "production",
      "autoIncrement": true,
      "android": {
        "buildType": "app-bundle"
      },
      "env": {
        "EXPO_PUBLIC_ADS_TEST": "0"
      }
    },
    "preview-real": {
      "environment": "preview",
      "distribution": "internal",
      "android": {
        "buildType": "apk"
      },
      "env": {
        "EXPO_PUBLIC_ADS_TEST": "0",
        "EXPO_PUBLIC_AD_DEBUG": "1"
      }
    }
  },
  "submit": {
    "production": {}
  }
}
[READ_PACKAGE_JSON] Using package.json:
[READ_PACKAGE_JSON] {
  "name": "cosmopedia",
  "version": "1.0.0",
  "main": "index.js",
  "private": true,
  "scripts": {
    "start": "expo start",
    "android": "expo run:android",
    "ios": "expo run:ios",
    "build:apk": "eas build -p android --profile preview",
    "build:aab": "eas build -p android --profile production"
  },
  "dependencies": {
    "@expo-google-fonts/ibm-plex-mono": "^0.4.1",
    "@expo-google-fonts/space-grotesk": "^0.4.1",
    "@expo/metro-runtime": "~57.0.16",
    "@react-native-async-storage/async-storage": "2.2.0",
    "@react-native-community/slider": "5.2.0",
    "expo": "~57.0.25",
    "expo-background-task": "~57.0.20",
    "expo-build-properties": "~57.0.22",
    "expo-constants": "~57.0.19",
    "expo-dev-client": "~57.0.19",
    "expo-file-system": "~57.0.7",
    "expo-font": "~57.0.4",
    "expo-image": "~57.0.5",
    "expo-linear-gradient": "~57.0.2",
    "expo-location": "~57.0.20",
    "expo-notifications": "~57.0.21",
    "expo-sharing": "~57.0.22",
    "expo-splash-screen": "~57.0.9",
    "expo-status-bar": "~57.0.1",
    "expo-system-ui": "~57.0.4",
    "expo-task-manager": "~57.0.20",
    "expo-web-browser": "~57.0.3",
    "react": "19.2.3",
    "react-dom": "19.2.3",
    "react-native": "0.86.3",
    "react-native-gesture-handler": "~2.32.0",
    "react-native-google-mobile-ads": "17.2.0",
    "react-native-reanimated": "4.5.1",
    "react-native-safe-area-context": "~5.7.0",
    "react-native-svg": "15.15.4",
    "react-native-view-shot": "5.1.0",
    "react-native-web": "~0.21.0",
    "react-native-webview": "13.16.1",
    "react-native-worklets": "0.10.1"
  },
  "devDependencies": {
    "typescript": "~6.0.3"
  }
}
[INSTALL_DEPENDENCIES] Running "npm ci --include=dev" in /tmp/codespace/eas-build-local-nodejs/466b137c-d6b3-49b2-9872-6f9cbf8a678e/build directory
[INSTALL_DEPENDENCIES] npm warn deprecated uuid@7.0.3: uuid@10 and below is no longer supported.  For ESM codebases, update to uuid@latest.  For CommonJS codebases, use uuid@11 (but be aware this version will likely be deprecated in 2028).
[INSTALL_DEPENDENCIES] added 593 packages, and audited 594 packages in 26s
[INSTALL_DEPENDENCIES] 54 packages are looking for funding
[INSTALL_DEPENDENCIES]   run `npm fund` for details
[INSTALL_DEPENDENCIES] 13 moderate severity vulnerabilities
[INSTALL_DEPENDENCIES] 
[INSTALL_DEPENDENCIES] To address all issues (including breaking changes), run:
[INSTALL_DEPENDENCIES]   npm audit fix --force
[INSTALL_DEPENDENCIES] 
[INSTALL_DEPENDENCIES] Run `npm audit` for details.
The NODE_ENV environment variable is required but was not specified. Ensure the project is bundled with Expo CLI or NODE_ENV is set.
Proceeding without mode-specific .env
[READ_APP_CONFIG] Using app configuration:
[READ_APP_CONFIG] {
  "name": "Cosmopedia",
  "slug": "cosmopedia",
  "version": "1.0.0",
  "orientation": "portrait",
  "icon": "./assets/icon.png",
  "userInterfaceStyle": "automatic",
  "backgroundColor": "#07080c",
  "ios": {
    "bundleIdentifier": "com.cosmopedia.app",
    "supportsTablet": false,
    "infoPlist": {
      "NSLocationWhenInUseUsageDescription": "Cosmopedia uses your location to show which planets are visible tonight and how far the ISS is from you.",
      "ITSAppUsesNonExemptEncryption": false
    }
  },
  "android": {
    "package": "com.cosmopedia.app",
    "adaptiveIcon": {
      "foregroundImage": "./assets/adaptive-icon.png",
      "backgroundColor": "#07080c"
    },
    "permissions": [
      "android.permission.ACCESS_COARSE_LOCATION",
      "android.permission.POST_NOTIFICATIONS",
      "android.permission.ACCESS_FINE_LOCATION"
    ],
    "blockedPermissions": [
      "android.permission.ACCESS_FINE_LOCATION",
      "android.permission.READ_EXTERNAL_STORAGE",
      "android.permission.READ_MEDIA_IMAGES",
      "android.permission.READ_MEDIA_VIDEO",
      "android.permission.READ_MEDIA_AUDIO",
      "android.permission.READ_MEDIA_VISUAL_USER_SELECTED",
      "android.permission.ACCESS_MEDIA_LOCATION"
    ]
  },
  "plugins": [
    [
      "expo-splash-screen",
      {
        "image": "./assets/splash-icon.png",
        "imageWidth": 160,
        "resizeMode": "contain",
        "backgroundColor": "#07080c"
      }
    ],
    [
      "expo-location",
      {
        "locationWhenInUsePermission": "Cosmopedia uses your location to show which planets are visible tonight and how far the ISS is from you."
      }
    ],
    [
      "expo-notifications",
      {
        "color": "#f0b46a"
      }
    ],
    "expo-font",
    [
      "react-native-google-mobile-ads",
      {
        "androidAppId": "ca-app-pub-1294432140413899~2920845178",
        "iosAppId": "ca-app-pub-3940256099942544~1458287256",
        "delayAppMeasurementInit": true
      }
    ],
    [
      "expo-build-properties",
      {
        "android": {
          "enableMinifyInReleaseBuilds": false,
          "enableShrinkResourcesInReleaseBuilds": false,
          "enablePngCrunchInReleaseBuilds": true
        }
      }
    ]
  ],
  "extra": {
    "eas": {
      "projectId": "749cf8cb-96b3-4b4b-8c29-195193c795d8"
    }
  },
  "sdkVersion": "57.0.0",
  "platforms": [
    "ios",
    "android",
    "web"
  ]
}
[RUN_EXPO_DOCTOR] Running "expo doctor"
[RUN_EXPO_DOCTOR] Running 21 checks on your project...
[RUN_EXPO_DOCTOR] 20/21 checks passed. 1 checks failed. Possible issues detected:
[RUN_EXPO_DOCTOR] Use the --verbose flag to see more details about passed checks.
[RUN_EXPO_DOCTOR] 
[RUN_EXPO_DOCTOR] ✖ Check that packages match versions required by installed Expo SDK
[RUN_EXPO_DOCTOR] 
[RUN_EXPO_DOCTOR] 🔧 Patch version mismatches
[RUN_EXPO_DOCTOR] package               expected  found    
[RUN_EXPO_DOCTOR] expo                  ~57.0.26  57.0.25  
[RUN_EXPO_DOCTOR] expo-background-task  ~57.0.21  57.0.20  
[RUN_EXPO_DOCTOR] expo-constants        ~57.0.20  57.0.19  
[RUN_EXPO_DOCTOR] expo-task-manager     ~57.0.21  57.0.20  
[RUN_EXPO_DOCTOR] 
[RUN_EXPO_DOCTOR] Changelogs:
[RUN_EXPO_DOCTOR] - expo-background-task → https://github.com/expo/expo/blob/sdk-57/packages/expo-background-task/CHANGELOG.md
[RUN_EXPO_DOCTOR] - expo-constants → https://github.com/expo/expo/blob/sdk-57/packages/expo-constants/CHANGELOG.md
[RUN_EXPO_DOCTOR] - expo-task-manager → https://github.com/expo/expo/blob/sdk-57/packages/expo-task-manager/CHANGELOG.md
[RUN_EXPO_DOCTOR] 
[RUN_EXPO_DOCTOR] 4 packages out of date.
[RUN_EXPO_DOCTOR] Advice:
[RUN_EXPO_DOCTOR] Use 'npx expo install --check' to review and upgrade your dependencies.
[RUN_EXPO_DOCTOR] To ignore specific packages, add them to "expo.install.exclude" in package.json. Learn more: https://expo.fyi/dependency-validation
[RUN_EXPO_DOCTOR] 1 check failed, indicating possible issues with the project.
[RUN_EXPO_DOCTOR] Command "expo doctor" failed.
Error: npx -y expo-doctor exited with non-zero code: 1
    at ChildProcess.completionListener (/home/codespace/.npm/_npx/ec03195a4097d9c5/node_modules/@expo/spawn-async/build/spawnAsync.js:113:23)
    at ChildProcess.wrapper (node:events:639:12)
    at ChildProcess.emit (node:events:514:28)
    at ChildProcess.emit (node:domain:489:12)
    at maybeClose (node:internal/child_process:1141:16)
    at ChildProcess._handle.onexit (node:internal/child_process:306:5)
    ...
    at spawnAsync (/home/codespace/.npm/_npx/ec03195a4097d9c5/node_modules/@expo/spawn-async/build/spawnAsync.js:9:23)
    at spawn (/home/codespace/.npm/_npx/ec03195a4097d9c5/node_modules/@expo/turtle-spawn/dist/index.js:16:47)
    at runExpoDoctor (/home/codespace/.npm/_npx/ec03195a4097d9c5/node_modules/@expo/build-tools/dist/common/setup.js:158:52)
    at process.processTicksAndRejections (node:internal/process/task_queues:104:5)
    at async /home/codespace/.npm/_npx/ec03195a4097d9c5/node_modules/@expo/build-tools/dist/common/setup.js:137:17
    at async BuildContext.runBuildPhase (/home/codespace/.npm/_npx/ec03195a4097d9c5/node_modules/@expo/build-tools/dist/context.js:128:28)
    at async setupAsync (/home/codespace/.npm/_npx/ec03195a4097d9c5/node_modules/@expo/build-tools/dist/common/setup.js:135:9)
    at async buildInnerAsync (/home/codespace/.npm/_npx/ec03195a4097d9c5/node_modules/@expo/build-tools/dist/builders/android.js:55:5)
    at async buildAsync (/home/codespace/.npm/_npx/ec03195a4097d9c5/node_modules/@expo/build-tools/dist/builders/android.js:46:9)
    at async runBuilderWithHooksAsync (/home/codespace/.npm/_npx/ec03195a4097d9c5/node_modules/@expo/build-tools/dist/builders/common.js:13:13)
[PREBUILD] [33m[1mWarning: [22mRoot-level [1m"expo"[22m object found. Ignoring extra key in Expo config: "react-native-google-mobile-ads"
[PREBUILD] [90mLearn more: https://expo.fyi/root-expo-object[0m[0m
[PREBUILD] - Creating native directory (./android)
[PREBUILD] ✔ Created native directory
[PREBUILD] - Updating package.json
[PREBUILD] ✔ Updated package.json | no changes
[PREBUILD] - Running prebuild
[PREBUILD] ✔ Finished prebuild
[PREBUILD] Running "npm install --include=dev" in /tmp/codespace/eas-build-local-nodejs/466b137c-d6b3-49b2-9872-6f9cbf8a678e/build directory
[PREBUILD] up to date, audited 594 packages in 1s
[PREBUILD] 54 packages are looking for funding
[PREBUILD]   run `npm fund` for details
[PREBUILD] 13 moderate severity vulnerabilities
[PREBUILD] 
[PREBUILD] To address all issues (including breaking changes), run:
[PREBUILD]   npm audit fix --force
[PREBUILD] 
[PREBUILD] Run `npm audit` for details.
[RESTORE_CACHE] Local builds do not support restoring cache
[PREPARE_CREDENTIALS] Writing secrets to the project's directory
[PREPARE_CREDENTIALS] Injecting signing config into build.gradle
[PREPARE_CREDENTIALS] Signing config injected
[CONFIGURE_ANDROID_VERSION] Injecting version config into build.gradle
[CONFIGURE_ANDROID_VERSION] Version code: 7
[CONFIGURE_ANDROID_VERSION] Version config injected
[EAGER_BUNDLE] [33m[1mWarning: [22mRoot-level [1m"expo"[22m object found. Ignoring extra key in Expo config: "react-native-google-mobile-ads"
[EAGER_BUNDLE] [90mLearn more: https://expo.fyi/root-expo-object[0m[0m
[EAGER_BUNDLE] Starting Metro Bundler
[EAGER_BUNDLE] Android Bundled 12571ms index.js (1518 modules)
[EAGER_BUNDLE] Writing bundle output to: /tmp/1u35dov5hz8/index.js
[EAGER_BUNDLE] Copying 7 asset files
[EAGER_BUNDLE] Done writing bundle output
[RUN_GRADLEW] Running 'gradlew :app:bundleRelease' in /tmp/codespace/eas-build-local-nodejs/466b137c-d6b3-49b2-9872-6f9cbf8a678e/build/android
[RUN_GRADLEW] Starting a Gradle Daemon, 2 incompatible and 1 stopped Daemons could not be reused, use --status for details
[RUN_GRADLEW] > Task :gradle-plugin:settings-plugin:checkKotlinGradlePluginConfigurationErrors
[RUN_GRADLEW] SKIPPED
[RUN_GRADLEW] > Task :expo-gradle-plugin:expo-autolinking-settings-plugin:checkKotlinGradlePluginConfigurationErrors SKIPPED
[RUN_GRADLEW] > Task :expo-gradle-plugin:expo-autolinking-plugin-shared:checkKotlinGradlePluginConfigurationErrors SKIPPED
[RUN_GRADLEW] > Task :gradle-plugin:shared:checkKotlinGradlePluginConfigurationErrors SKIPPED
[RUN_GRADLEW] > Task :expo-gradle-plugin:expo-autolinking-settings-plugin:pluginDescriptors
[RUN_GRADLEW] > Task :expo-gradle-plugin:expo-autolinking-settings-plugin:processResources
[RUN_GRADLEW] > Task :gradle-plugin:settings-plugin:pluginDescriptors
[RUN_GRADLEW] > Task :gradle-plugin:settings-plugin:processResources
[RUN_GRADLEW] > Task :expo-gradle-plugin:expo-autolinking-plugin-shared:processResources NO-SOURCE
[RUN_GRADLEW] > Task :gradle-plugin:shared:processResources NO-SOURCE
[RUN_GRADLEW] > Task :gradle-plugin:shared:compileKotlin
[RUN_GRADLEW] > Task :gradle-plugin:shared:compileJava NO-SOURCE
[RUN_GRADLEW] > Task :gradle-plugin:shared:classes UP-TO-DATE
[RUN_GRADLEW] > Task :gradle-plugin:shared:jar
[RUN_GRADLEW] > Task :expo-gradle-plugin:expo-autolinking-plugin-shared:compileKotlin
[RUN_GRADLEW] > Task :expo-gradle-plugin:expo-autolinking-plugin-shared:compileJava NO-SOURCE
[RUN_GRADLEW] > Task :expo-gradle-plugin:expo-autolinking-plugin-shared:classes UP-TO-DATE
[RUN_GRADLEW] > Task :expo-gradle-plugin:expo-autolinking-plugin-shared:jar
[RUN_GRADLEW] > Task :gradle-plugin:settings-plugin:compileKotlin
[RUN_GRADLEW] > Task :gradle-plugin:settings-plugin:compileJava NO-SOURCE
[RUN_GRADLEW] > Task :gradle-plugin:settings-plugin:classes
[RUN_GRADLEW] > Task :gradle-plugin:settings-plugin:jar
[RUN_GRADLEW] > Task :expo-gradle-plugin:expo-autolinking-settings-plugin:compileKotlin
[RUN_GRADLEW] > Task :expo-gradle-plugin:expo-autolinking-settings-plugin:compileJava NO-SOURCE
[RUN_GRADLEW] > Task :expo-gradle-plugin:expo-autolinking-settings-plugin:classes
[RUN_GRADLEW] > Task :expo-gradle-plugin:expo-autolinking-settings-plugin:jar
[RUN_GRADLEW] > Task :expo-gradle-plugin:expo-autolinking-plugin:checkKotlinGradlePluginConfigurationErrors SKIPPED
[RUN_GRADLEW] > Task :gradle-plugin:react-native-gradle-plugin:checkKotlinGradlePluginConfigurationErrors SKIPPED
[RUN_GRADLEW] > Task :expo-dev-launcher-gradle-plugin:checkKotlinGradlePluginConfigurationErrors SKIPPED
[RUN_GRADLEW] > Task :expo-dev-launcher-gradle-plugin:pluginDescriptors
[RUN_GRADLEW] > Task :expo-dev-launcher-gradle-plugin:processResources
[RUN_GRADLEW] > Task :expo-gradle-plugin:expo-max-sdk-override-plugin:checkKotlinGradlePluginConfigurationErrors SKIPPED
[RUN_GRADLEW] > Task :expo-module-gradle-plugin:checkKotlinGradlePluginConfigurationErrors
[RUN_GRADLEW] SKIPPED
[RUN_GRADLEW] > Task :expo-module-gradle-plugin:pluginDescriptors
[RUN_GRADLEW] > Task :expo-module-gradle-plugin:processResources
[RUN_GRADLEW] > Task :expo-gradle-plugin:expo-autolinking-plugin:pluginDescriptors
[RUN_GRADLEW] > Task :expo-gradle-plugin:expo-autolinking-plugin:processResources
[RUN_GRADLEW] > Task :expo-gradle-plugin:expo-max-sdk-override-plugin:pluginDescriptors
[RUN_GRADLEW] > Task :expo-gradle-plugin:expo-max-sdk-override-plugin:processResources
[RUN_GRADLEW] > Task :gradle-plugin:react-native-gradle-plugin:pluginDescriptors
[RUN_GRADLEW] > Task :gradle-plugin:react-native-gradle-plugin:processResources
[RUN_GRADLEW] > Task :expo-gradle-plugin:expo-max-sdk-override-plugin:compileKotlin
[RUN_GRADLEW] > Task :expo-gradle-plugin:expo-max-sdk-override-plugin:compileJava NO-SOURCE
[RUN_GRADLEW] > Task :expo-gradle-plugin:expo-max-sdk-override-plugin:classes
[RUN_GRADLEW] > Task :expo-gradle-plugin:expo-max-sdk-override-plugin:jar
[RUN_GRADLEW] > Task :expo-gradle-plugin:expo-autolinking-plugin:compileKotlin
[RUN_GRADLEW] > Task :expo-gradle-plugin:expo-autolinking-plugin:compileJava
[RUN_GRADLEW] NO-SOURCE
[RUN_GRADLEW] > Task :expo-gradle-plugin:expo-autolinking-plugin:classes
[RUN_GRADLEW] > Task :expo-gradle-plugin:expo-autolinking-plugin:jar
[RUN_GRADLEW] > Task :gradle-plugin:react-native-gradle-plugin:compileKotlin
[RUN_GRADLEW] > Task :gradle-plugin:react-native-gradle-plugin:compileJava NO-SOURCE
[RUN_GRADLEW] > Task :gradle-plugin:react-native-gradle-plugin:classes
[RUN_GRADLEW] > Task :gradle-plugin:react-native-gradle-plugin:jar
[RUN_GRADLEW] > Task :expo-dev-launcher-gradle-plugin:compileKotlin
[RUN_GRADLEW] > Task :expo-dev-launcher-gradle-plugin:compileJava NO-SOURCE
[RUN_GRADLEW] > Task :expo-dev-launcher-gradle-plugin:classes
[RUN_GRADLEW] > Task :expo-dev-launcher-gradle-plugin:jar
[RUN_GRADLEW] > Task :expo-module-gradle-plugin:compileKotlin
[RUN_GRADLEW] w: file:///tmp/codespace/eas-build-local-nodejs/466b137c-d6b3-49b2-9872-6f9cbf8a678e/build/node_modules/expo-modules-core/expo-module-gradle-plugin/src/main/kotlin/expo/modules/plugin/android/AndroidLibraryExtension.kt:9:24 'var targetSdk: Int?' is deprecated. Will be removed from library DSL in v9.0. Use testOptions.targetSdk or/and lint.targetSdk instead.
[RUN_GRADLEW] > Task :expo-module-gradle-plugin:compileJava NO-SOURCE
[RUN_GRADLEW] > Task :expo-module-gradle-plugin:classes
[RUN_GRADLEW] > Task :expo-module-gradle-plugin:jar
[RUN_GRADLEW] > Configure project :
[RUN_GRADLEW] [32m[ExpoRootProject][0m Using the following versions:
[RUN_GRADLEW]   - buildTools:  [32m36.0.0[0m
[RUN_GRADLEW]   - minSdk:      [32m24[0m
[RUN_GRADLEW]   - compileSdk:  [32m36[0m
[RUN_GRADLEW]   - targetSdk:   [32m36[0m
[RUN_GRADLEW]   - ndk:         [32m27.1.12297006[0m
[RUN_GRADLEW]   - kotlin:      [32m2.1.20[0m
[RUN_GRADLEW]   - ksp:         [32m2.1.20-2.0.1[0m
[RUN_GRADLEW] > Configure project :app
[RUN_GRADLEW] ℹ️  [33mApplying gradle plugin[0m '[32mexpo-max-sdk-override-plugin[0m'
[RUN_GRADLEW] [expo-max-sdk-override-plugin] This plugin will find all permissions declared with `android:maxSdkVersion`. If there exists a declaration with the `android:maxSdkVersion` annotation and another one without, the plugin will remove the annotation from the final merged manifest. In order to see a log with the changes run a clean build of the app.
[RUN_GRADLEW] ℹ️  [33mApplying gradle plugin[0m '[32mexpo-dev-launcher-gradle-plugin[0m'
[RUN_GRADLEW] > Configure project :expo
[RUN_GRADLEW] Using expo modules
[RUN_GRADLEW]   - [32mexpo-log-box[0m (57.0.4)
[RUN_GRADLEW] - [32mcosmo-gallery[0m (1.0.0)
[RUN_GRADLEW]   - [32mexpo-constants[0m (57.0.19)
[RUN_GRADLEW]   - [32mexpo-dev-client[0m (57.0.19)
[RUN_GRADLEW]   - [32mexpo-dev-launcher[0m (57.0.20)
[RUN_GRADLEW] - [32mexpo-dev-menu[0m (57.0.18)
[RUN_GRADLEW] - [32mexpo-dev-menu-interface[0m (57.0.0)
[RUN_GRADLEW] - [32mexpo-json-utils[0m (57.0.2)
[RUN_GRADLEW] - [32mexpo-manifests[0m (57.0.2)
[RUN_GRADLEW] > Configure project :expo-modules-core
[RUN_GRADLEW] Linking react-native-worklets native libs into expo-modules-core build tasks
[RUN_GRADLEW] task ':react-native-worklets:mergeDebugNativeLibs'
[RUN_GRADLEW] task ':react-native-worklets:mergeReleaseNativeLibs'
[RUN_GRADLEW] > Configure project :expo
[RUN_GRADLEW] - [32mexpo-modules-core[0m (57.0.19)
[RUN_GRADLEW] - [32mexpo-updates-interface[0m (57.0.2)
[RUN_GRADLEW]   - [33m[📦][0m [32mexpo-dom-webview[0m (57.0.1)
[RUN_GRADLEW]   - [33m[📦][0m [32mexpo-application[0m (57.0.3)
[RUN_GRADLEW]   - [33m[📦][0m [32mexpo-asset[0m (57.0.18)
[RUN_GRADLEW]   - [33m[📦][0m [32mexpo-background-task[0m (57.0.20)
[RUN_GRADLEW]   - [33m[📦][0m [32mexpo-file-system[0m (57.0.7)
[RUN_GRADLEW]   - [33m[📦][0m [32mexpo-font[0m (57.0.4)
[RUN_GRADLEW]   - [33m[📦][0m [32mexpo-image[0m (57.0.5)
[RUN_GRADLEW]   - [33m[📦][0m [32mexpo-keep-awake[0m (57.0.2)
[RUN_GRADLEW]   - [33m[📦][0m [32mexpo-linear-gradient[0m (57.0.2)
[RUN_GRADLEW]   - [33m[📦][0m [32mexpo-location[0m (57.0.20)
[RUN_GRADLEW] - [33m[📦][0m [32mexpo-notifications[0m (57.0.21)
[RUN_GRADLEW]   - [33m[📦][0m [32mexpo-sharing[0m (57.0.22)
[RUN_GRADLEW]   - [33m[📦][0m [32mexpo-splash-screen[0m (57.0.9)
[RUN_GRADLEW]   - [33m[📦][0m [32mexpo-status-bar[0m (57.0.1)
[RUN_GRADLEW]   - [33m[📦][0m [32mexpo-system-ui[0m (57.0.4)
[RUN_GRADLEW]   - [33m[📦][0m [32mexpo-task-manager[0m (57.0.20)
[RUN_GRADLEW]   - [33m[📦][0m [32mexpo-web-browser[0m (57.0.3)
[RUN_GRADLEW]   - [33m[📦][0m [32munimodules-app-loader[0m (57.0.2)
[RUN_GRADLEW] > Configure project :react-native-google-mobile-ads
[RUN_GRADLEW] :react-native-google-mobile-ads package.json found at /tmp/codespace/eas-build-local-nodejs/466b137c-d6b3-49b2-9872-6f9cbf8a678e/build/node_modules/react-native-google-mobile-ads/package.json
[RUN_GRADLEW] :react-native-google-mobile-ads:googleMobileAds.sdk using default value: 25.4.0
[RUN_GRADLEW] :react-native-google-mobile-ads:googleMobileAds.sdk using default value: 25.4.0
[RUN_GRADLEW] :react-native-google-mobile-ads:ads.consent using default value: 4.0.0
[RUN_GRADLEW] :react-native-google-mobile-ads package.json found at /tmp/codespace/eas-build-local-nodejs/466b137c-d6b3-49b2-9872-6f9cbf8a678e/build/node_modules/react-native-google-mobile-ads/package.json
[RUN_GRADLEW] :react-native-google-mobile-ads:version set from package.json: 17.2.0 (17,2,0 - 17002000)
[RUN_GRADLEW] :react-native-google-mobile-ads:android.compileSdk using custom value: 36
[RUN_GRADLEW] :react-native-google-mobile-ads:android.targetSdk using custom value: 36
[RUN_GRADLEW] :react-native-google-mobile-ads:android.minSdk using custom value: 24
[RUN_GRADLEW] :react-native-google-mobile-ads:reactNativeAndroidDir /tmp/codespace/eas-build-local-nodejs/466b137c-d6b3-49b2-9872-6f9cbf8a678e/build/node_modules/react-native
[RUN_GRADLEW] > Task :cosmo-gallery:preBuild UP-TO-DATE
[RUN_GRADLEW] > Task :expo:generatePackagesList
[RUN_GRADLEW] > Task :expo:preBuild
[RUN_GRADLEW] > Task :expo-dev-client:preBuild UP-TO-DATE
[RUN_GRADLEW] > Task :expo-dev-launcher:preBuild UP-TO-DATE
[RUN_GRADLEW] > Task :expo-dev-menu:preBuild UP-TO-DATE
[RUN_GRADLEW] > Task :expo-dev-menu-interface:preBuild UP-TO-DATE
[RUN_GRADLEW] > Task :expo-json-utils:preBuild UP-TO-DATE
[RUN_GRADLEW] > Task :expo-log-box:preBuild UP-TO-DATE
[RUN_GRADLEW] > Task :expo-manifests:preBuild UP-TO-DATE
[RUN_GRADLEW] > Task :expo-modules-core:preBuild UP-TO-DATE
[RUN_GRADLEW] > Task :expo-updates-interface:preBuild UP-TO-DATE
[RUN_GRADLEW] > Task :react-native-async-storage_async-storage:generateCodegenSchemaFromJavaScript
[RUN_GRADLEW] > Task :expo-constants:createExpoConfig
[RUN_GRADLEW] > Task :expo-constants:preBuild
[RUN_GRADLEW] The NODE_ENV environment variable is required but was not specified. Ensure the project is bundled with Expo CLI or NODE_ENV is set. Using only .env.local and .env
[RUN_GRADLEW] [33m[1mWarning: [22mRoot-level [1m"expo"[22m object found. Ignoring extra key in Expo config: "react-native-google-mobile-ads"
[RUN_GRADLEW] [90mLearn more: https://expo.fyi/root-expo-object[0m[0m
[RUN_GRADLEW] > Task :react-native-async-storage_async-storage:generateCodegenArtifactsFromSchema
[RUN_GRADLEW] > Task :react-native-async-storage_async-storage:preBuild
[RUN_GRADLEW] > Task :react-native-community_slider:generateCodegenSchemaFromJavaScript
[RUN_GRADLEW] > Task :react-native-gesture-handler:generateCodegenSchemaFromJavaScript
[RUN_GRADLEW] > Task :react-native-community_slider:generateCodegenArtifactsFromSchema
[RUN_GRADLEW] > Task :react-native-community_slider:preBuild
[RUN_GRADLEW] > Task :react-native-google-mobile-ads:generateCodegenSchemaFromJavaScript SKIPPED
[RUN_GRADLEW] > Task :react-native-google-mobile-ads:generateCodegenArtifactsFromSchema SKIPPED
[RUN_GRADLEW] > Task :react-native-google-mobile-ads:preBuild UP-TO-DATE
[RUN_GRADLEW] > Task :react-native-reanimated:assertMinimalReactNativeVersionTask
[RUN_GRADLEW] > Task :react-native-reanimated:assertWorkletsVersionTask
[RUN_GRADLEW] > Task :react-native-gesture-handler:generateCodegenArtifactsFromSchema
[RUN_GRADLEW] > Task :react-native-gesture-handler:preBuild
[RUN_GRADLEW] > Task :react-native-reanimated:generateCodegenSchemaFromJavaScript
[RUN_GRADLEW] > Task :react-native-safe-area-context:generateCodegenSchemaFromJavaScript
[RUN_GRADLEW] > Task :react-native-reanimated:generateCodegenArtifactsFromSchema
[RUN_GRADLEW] > Task :react-native-safe-area-context:generateCodegenArtifactsFromSchema
[RUN_GRADLEW] > Task :react-native-safe-area-context:preBuild
[RUN_GRADLEW] > Task :app:createBundleReleaseJsAndAssets
[RUN_GRADLEW] Starting Metro Bundler
[RUN_GRADLEW] warning: Bundler cache is empty, rebuilding (this may take a minute)
[RUN_GRADLEW] [33m[1mWarning: [22mRoot-level [1m"expo"[22m object found. Ignoring extra key in Expo config: "react-native-google-mobile-ads"
[RUN_GRADLEW] [90mLearn more: https://expo.fyi/root-expo-object[0m[0m
[RUN_GRADLEW] > Task :react-native-reanimated:prepareReanimatedHeadersForPrefabs
[RUN_GRADLEW] > Task :react-native-reanimated:preBuild
[RUN_GRADLEW] > Task :react-native-svg:generateCodegenSchemaFromJavaScript
[RUN_GRADLEW] > Task :react-native-view-shot:generateCodegenSchemaFromJavaScript
[RUN_GRADLEW] > Task :react-native-svg:generateCodegenArtifactsFromSchema
[RUN_GRADLEW] > Task :react-native-svg:preBuild
[RUN_GRADLEW] > Task :react-native-view-shot:generateCodegenArtifactsFromSchema
[RUN_GRADLEW] > Task :react-native-view-shot:preBuild
[RUN_GRADLEW] > Task :react-native-worklets:assertMinimalReactNativeVersionTask
[RUN_GRADLEW] > Task :react-native-webview:generateCodegenSchemaFromJavaScript
[RUN_GRADLEW] > Task :react-native-worklets:generateCodegenSchemaFromJavaScript
[RUN_GRADLEW] > Task :react-native-webview:generateCodegenArtifactsFromSchema
[RUN_GRADLEW] > Task :react-native-webview:preBuild
[RUN_GRADLEW] > Task :cosmo-gallery:preReleaseBuild UP-TO-DATE
[RUN_GRADLEW] > Task :react-native-worklets:generateCodegenArtifactsFromSchema
[RUN_GRADLEW] > Task :react-native-worklets:prepareWorkletsHeadersForPrefabs
[RUN_GRADLEW] > Task :react-native-worklets:preBuild
[RUN_GRADLEW] > Task :expo:preReleaseBuild
[RUN_GRADLEW] > Task :cosmo-gallery:generateReleaseResValues
[RUN_GRADLEW] > Task :expo:generateReleaseResValues
[RUN_GRADLEW] > Task :cosmo-gallery:generateReleaseResources
[RUN_GRADLEW] > Task :expo:generateReleaseResources
[RUN_GRADLEW] > Task :cosmo-gallery:packageReleaseResources
[RUN_GRADLEW] > Task :expo-constants:preReleaseBuild
[RUN_GRADLEW] > Task :expo:packageReleaseResources
[RUN_GRADLEW] > Task :expo-dev-client:preReleaseBuild UP-TO-DATE
[RUN_GRADLEW] > Task :expo-constants:generateReleaseResValues
[RUN_GRADLEW] > Task :expo-dev-client:generateReleaseResValues
[RUN_GRADLEW] > Task :expo-constants:generateReleaseResources
[RUN_GRADLEW] > Task :expo-dev-client:generateReleaseResources
[RUN_GRADLEW] > Task :expo-constants:packageReleaseResources
[RUN_GRADLEW] > Task :expo-dev-launcher:preReleaseBuild UP-TO-DATE
[RUN_GRADLEW] > Task :expo-dev-launcher:generateReleaseResValues
[RUN_GRADLEW] > Task :expo-dev-client:packageReleaseResources
[RUN_GRADLEW] > Task :expo-dev-menu:preReleaseBuild UP-TO-DATE
[RUN_GRADLEW] > Task :expo-dev-launcher:generateReleaseResources
[RUN_GRADLEW] > Task :expo-dev-menu:generateReleaseResValues
[RUN_GRADLEW] > Task :expo-dev-menu:generateReleaseResources
[RUN_GRADLEW] > Task :expo-dev-launcher:packageReleaseResources
[RUN_GRADLEW] > Task :expo-dev-menu-interface:preReleaseBuild UP-TO-DATE
[RUN_GRADLEW] > Task :expo-dev-menu-interface:generateReleaseResValues
[RUN_GRADLEW] > Task :expo-dev-menu:packageReleaseResources
[RUN_GRADLEW] > Task :expo-json-utils:preReleaseBuild UP-TO-DATE
[RUN_GRADLEW] > Task :expo-dev-menu-interface:generateReleaseResources
[RUN_GRADLEW] > Task :expo-json-utils:generateReleaseResValues
[RUN_GRADLEW] > Task :expo-json-utils:generateReleaseResources
[RUN_GRADLEW] > Task :expo-dev-menu-interface:packageReleaseResources
[RUN_GRADLEW] > Task :expo-log-box:preReleaseBuild UP-TO-DATE
[RUN_GRADLEW] > Task :expo-log-box:generateReleaseResValues
[RUN_GRADLEW] > Task :expo-json-utils:packageReleaseResources
[RUN_GRADLEW] > Task :expo-manifests:preReleaseBuild UP-TO-DATE
[RUN_GRADLEW] > Task :expo-log-box:generateReleaseResources
[RUN_GRADLEW] > Task :expo-manifests:generateReleaseResValues
[RUN_GRADLEW] > Task :expo-log-box:packageReleaseResources
[RUN_GRADLEW] > Task :expo-manifests:generateReleaseResources
[RUN_GRADLEW] > Task :expo-modules-core:preReleaseBuild UP-TO-DATE
[RUN_GRADLEW] > Task :expo-modules-core:generateReleaseResValues
[RUN_GRADLEW] > Task :expo-modules-core:generateReleaseResources
[RUN_GRADLEW] > Task :expo-manifests:packageReleaseResources
[RUN_GRADLEW] > Task :expo-updates-interface:preReleaseBuild UP-TO-DATE
[RUN_GRADLEW] > Task :expo-updates-interface:generateReleaseResValues
[RUN_GRADLEW] > Task :expo-updates-interface:generateReleaseResources
[RUN_GRADLEW] > Task :expo-modules-core:packageReleaseResources
[RUN_GRADLEW] > Task :react-native-async-storage_async-storage:preReleaseBuild
[RUN_GRADLEW] > Task :react-native-async-storage_async-storage:generateReleaseResValues
[RUN_GRADLEW] > Task :react-native-async-storage_async-storage:generateReleaseResources
[RUN_GRADLEW] > Task :expo-updates-interface:packageReleaseResources
[RUN_GRADLEW] > Task :react-native-community_slider:preReleaseBuild
[RUN_GRADLEW] > Task :react-native-community_slider:generateReleaseResValues
[RUN_GRADLEW] > Task :react-native-async-storage_async-storage:packageReleaseResources
[RUN_GRADLEW] > Task :react-native-gesture-handler:preReleaseBuild
[RUN_GRADLEW] > Task :react-native-community_slider:generateReleaseResources
[RUN_GRADLEW] > Task :react-native-gesture-handler:generateReleaseResValues
[RUN_GRADLEW] > Task :react-native-gesture-handler:generateReleaseResources
[RUN_GRADLEW] > Task :react-native-community_slider:packageReleaseResources
[RUN_GRADLEW] > Task :react-native-google-mobile-ads:preReleaseBuild UP-TO-DATE
[RUN_GRADLEW] > Task :react-native-google-mobile-ads:generateReleaseResValues
[RUN_GRADLEW] > Task :react-native-gesture-handler:packageReleaseResources
[RUN_GRADLEW] > Task :react-native-reanimated:preReleaseBuild
[RUN_GRADLEW] > Task :react-native-google-mobile-ads:generateReleaseResources
[RUN_GRADLEW] > Task :react-native-reanimated:generateReleaseResValues
[RUN_GRADLEW] > Task :react-native-reanimated:generateReleaseResources
[RUN_GRADLEW] > Task :react-native-google-mobile-ads:packageReleaseResources
[RUN_GRADLEW] > Task :react-native-safe-area-context:preReleaseBuild
[RUN_GRADLEW] > Task :react-native-safe-area-context:generateReleaseResValues
[RUN_GRADLEW] > Task :react-native-reanimated:packageReleaseResources
[RUN_GRADLEW] > Task :react-native-svg:preReleaseBuild
[RUN_GRADLEW] > Task :react-native-safe-area-context:generateReleaseResources
[RUN_GRADLEW] > Task :react-native-svg:generateReleaseResValues
[RUN_GRADLEW] > Task :react-native-svg:generateReleaseResources
[RUN_GRADLEW] > Task :react-native-svg:packageReleaseResources
[RUN_GRADLEW] > Task :react-native-safe-area-context:packageReleaseResources
[RUN_GRADLEW] > Task :react-native-view-shot:preReleaseBuild
[RUN_GRADLEW] > Task :react-native-webview:preReleaseBuild
[RUN_GRADLEW] > Task :react-native-view-shot:generateReleaseResValues
[RUN_GRADLEW] > Task :react-native-webview:generateReleaseResValues
[RUN_GRADLEW] > Task :react-native-view-shot:generateReleaseResources
[RUN_GRADLEW] > Task :react-native-webview:generateReleaseResources
[RUN_GRADLEW] > Task :react-native-view-shot:packageReleaseResources
[RUN_GRADLEW] > Task :react-native-worklets:preReleaseBuild
[RUN_GRADLEW] > Task :react-native-worklets:generateReleaseResValues
[RUN_GRADLEW] > Task :react-native-worklets:generateReleaseResources
[RUN_GRADLEW] > Task :react-native-worklets:packageReleaseResources
[RUN_GRADLEW] > Task :cosmo-gallery:extractDeepLinksRelease
[RUN_GRADLEW] > Task :react-native-webview:packageReleaseResources
[RUN_GRADLEW] > Task :expo:extractDeepLinksRelease
[RUN_GRADLEW] > Task :expo:processReleaseManifest
[RUN_GRADLEW] > Task :cosmo-gallery:processReleaseManifest
[RUN_GRADLEW] > Task :expo-dev-client:extractDeepLinksRelease
[RUN_GRADLEW] > Task :expo-constants:extractDeepLinksRelease
[RUN_GRADLEW] > Task :expo-dev-client:processReleaseManifest
[RUN_GRADLEW] > Task :expo-constants:processReleaseManifest
[RUN_GRADLEW] > Task :expo-dev-launcher:extractDeepLinksRelease
[RUN_GRADLEW] > Task :expo-dev-menu:extractDeepLinksRelease
[RUN_GRADLEW] > Task :expo-dev-menu:processReleaseManifest
[RUN_GRADLEW] > Task :expo-dev-launcher:processReleaseManifest
[RUN_GRADLEW] > Task :expo-dev-menu-interface:extractDeepLinksRelease
[RUN_GRADLEW] > Task :expo-json-utils:extractDeepLinksRelease
[RUN_GRADLEW] > Task :expo-dev-menu-interface:processReleaseManifest
[RUN_GRADLEW] > Task :expo-json-utils:processReleaseManifest
[RUN_GRADLEW] > Task :expo-log-box:extractDeepLinksRelease
[RUN_GRADLEW] > Task :expo-manifests:extractDeepLinksRelease
[RUN_GRADLEW] > Task :expo-log-box:processReleaseManifest
[RUN_GRADLEW] > Task :expo-manifests:processReleaseManifest
[RUN_GRADLEW] > Task :expo-modules-core:extractDeepLinksRelease
[RUN_GRADLEW] > Task :expo-updates-interface:extractDeepLinksRelease
[RUN_GRADLEW] > Task :expo-updates-interface:processReleaseManifest
[RUN_GRADLEW] > Task :react-native-async-storage_async-storage:extractDeepLinksRelease
[RUN_GRADLEW] > Task :expo-modules-core:processReleaseManifest
[RUN_GRADLEW] /tmp/codespace/eas-build-local-nodejs/466b137c-d6b3-49b2-9872-6f9cbf8a678e/build/node_modules/expo-modules-core/android/src/main/AndroidManifest.xml:8:9-11:45 Warning:
[RUN_GRADLEW] 	meta-data#com.facebook.soloader.enabled@android:value was tagged at AndroidManifest.xml:8 to replace other declarations but no other declaration present
[RUN_GRADLEW] > Task :react-native-community_slider:extractDeepLinksRelease
[RUN_GRADLEW] > Task :react-native-async-storage_async-storage:processReleaseManifest
[RUN_GRADLEW] package="com.reactnativecommunity.asyncstorage" found in source AndroidManifest.xml: /tmp/codespace/eas-build-local-nodejs/466b137c-d6b3-49b2-9872-6f9cbf8a678e/build/node_modules/@react-native-async-storage/async-storage/android/src/main/AndroidManifest.xml.
[RUN_GRADLEW] Setting the namespace via the package attribute in the source AndroidManifest.xml is no longer supported, and the value is ignored.
[RUN_GRADLEW] Recommendation: remove package="com.reactnativecommunity.asyncstorage" from the source AndroidManifest.xml: /tmp/codespace/eas-build-local-nodejs/466b137c-d6b3-49b2-9872-6f9cbf8a678e/build/node_modules/@react-native-async-storage/async-storage/android/src/main/AndroidManifest.xml.
[RUN_GRADLEW] > Task :react-native-community_slider:processReleaseManifest
[RUN_GRADLEW] package="com.reactnativecommunity.slider" found in source AndroidManifest.xml: /tmp/codespace/eas-build-local-nodejs/466b137c-d6b3-49b2-9872-6f9cbf8a678e/build/node_modules/@react-native-community/slider/android/src/main/AndroidManifest.xml.
[RUN_GRADLEW] Setting the namespace via the package attribute in the source AndroidManifest.xml is no longer supported, and the value is ignored.
[RUN_GRADLEW] Recommendation: remove package="com.reactnativecommunity.slider" from the source AndroidManifest.xml: /tmp/codespace/eas-build-local-nodejs/466b137c-d6b3-49b2-9872-6f9cbf8a678e/build/node_modules/@react-native-community/slider/android/src/main/AndroidManifest.xml.
[RUN_GRADLEW] > Task :react-native-gesture-handler:extractDeepLinksRelease
[RUN_GRADLEW] > Task :react-native-google-mobile-ads:extractDeepLinksRelease
[RUN_GRADLEW] > Task :react-native-gesture-handler:processReleaseManifest
[RUN_GRADLEW] > Task :react-native-google-mobile-ads:processReleaseManifest
[RUN_GRADLEW] package="io.invertase.googlemobileads" found in source AndroidManifest.xml: /tmp/codespace/eas-build-local-nodejs/466b137c-d6b3-49b2-9872-6f9cbf8a678e/build/node_modules/react-native-google-mobile-ads/android/src/main/AndroidManifest.xml.
[RUN_GRADLEW] Setting the namespace via the package attribute in the source AndroidManifest.xml is no longer supported, and the value is ignored.
[RUN_GRADLEW] Recommendation: remove package="io.invertase.googlemobileads" from the source AndroidManifest.xml: /tmp/codespace/eas-build-local-nodejs/466b137c-d6b3-49b2-9872-6f9cbf8a678e/build/node_modules/react-native-google-mobile-ads/android/src/main/AndroidManifest.xml.
[RUN_GRADLEW] > Task :react-native-reanimated:extractDeepLinksRelease
[RUN_GRADLEW] > Task :react-native-safe-area-context:extractDeepLinksRelease
[RUN_GRADLEW] > Task :react-native-safe-area-context:processReleaseManifest
[RUN_GRADLEW] package="com.th3rdwave.safeareacontext" found in source AndroidManifest.xml: /tmp/codespace/eas-build-local-nodejs/466b137c-d6b3-49b2-9872-6f9cbf8a678e/build/node_modules/react-native-safe-area-context/android/src/main/AndroidManifest.xml.
[RUN_GRADLEW] Setting the namespace via the package attribute in the source AndroidManifest.xml is no longer supported, and the value is ignored.
[RUN_GRADLEW] Recommendation: remove package="com.th3rdwave.safeareacontext" from the source AndroidManifest.xml: /tmp/codespace/eas-build-local-nodejs/466b137c-d6b3-49b2-9872-6f9cbf8a678e/build/node_modules/react-native-safe-area-context/android/src/main/AndroidManifest.xml.
[RUN_GRADLEW] > Task :react-native-reanimated:processReleaseManifest
[RUN_GRADLEW] > Task :react-native-svg:extractDeepLinksRelease
[RUN_GRADLEW] > Task :react-native-view-shot:extractDeepLinksRelease
[RUN_GRADLEW] > Task :react-native-svg:processReleaseManifest
[RUN_GRADLEW] > Task :react-native-webview:extractDeepLinksRelease
[RUN_GRADLEW] > Task :react-native-view-shot:processReleaseManifest
[RUN_GRADLEW] package="fr.greweb.reactnativeviewshot" found in source AndroidManifest.xml: /tmp/codespace/eas-build-local-nodejs/466b137c-d6b3-49b2-9872-6f9cbf8a678e/build/node_modules/react-native-view-shot/android/src/main/AndroidManifest.xml.
[RUN_GRADLEW] Setting the namespace via the package attribute in the source AndroidManifest.xml is no longer supported, and the value is ignored.
[RUN_GRADLEW] Recommendation: remove package="fr.greweb.reactnativeviewshot" from the source AndroidManifest.xml: /tmp/codespace/eas-build-local-nodejs/466b137c-d6b3-49b2-9872-6f9cbf8a678e/build/node_modules/react-native-view-shot/android/src/main/AndroidManifest.xml.
[RUN_GRADLEW] > Task :react-native-worklets:extractDeepLinksRelease
[RUN_GRADLEW] > Task :react-native-webview:processReleaseManifest
[RUN_GRADLEW] > Task :react-native-worklets:processReleaseManifest
[RUN_GRADLEW] > Task :cosmo-gallery:writeReleaseAarMetadata
[RUN_GRADLEW] > Task :expo:writeReleaseAarMetadata
[RUN_GRADLEW] > Task :expo-dev-client:writeReleaseAarMetadata
[RUN_GRADLEW] > Task :expo-constants:writeReleaseAarMetadata
[RUN_GRADLEW] > Task :expo-dev-launcher:writeReleaseAarMetadata
[RUN_GRADLEW] > Task :expo-dev-menu:writeReleaseAarMetadata
[RUN_GRADLEW] > Task :expo-json-utils:writeReleaseAarMetadata
[RUN_GRADLEW] > Task :expo-dev-menu-interface:writeReleaseAarMetadata
[RUN_GRADLEW] > Task :expo-log-box:writeReleaseAarMetadata
[RUN_GRADLEW] > Task :expo-manifests:writeReleaseAarMetadata
[RUN_GRADLEW] > Task :expo-updates-interface:writeReleaseAarMetadata
[RUN_GRADLEW] > Task :expo-modules-core:writeReleaseAarMetadata
[RUN_GRADLEW] > Task :react-native-community_slider:writeReleaseAarMetadata
[RUN_GRADLEW] > Task :react-native-async-storage_async-storage:writeReleaseAarMetadata
[RUN_GRADLEW] > Task :react-native-gesture-handler:writeReleaseAarMetadata
[RUN_GRADLEW] > Task :react-native-reanimated:writeReleaseAarMetadata
[RUN_GRADLEW] > Task :react-native-google-mobile-ads:writeReleaseAarMetadata
[RUN_GRADLEW] > Task :react-native-safe-area-context:writeReleaseAarMetadata
[RUN_GRADLEW] > Task :react-native-svg:writeReleaseAarMetadata
[RUN_GRADLEW] > Task :react-native-view-shot:writeReleaseAarMetadata
[RUN_GRADLEW] > Task :react-native-webview:writeReleaseAarMetadata
[RUN_GRADLEW] > Task :react-native-worklets:writeReleaseAarMetadata
[RUN_GRADLEW] > Task :cosmo-gallery:compileReleaseLibraryResources
[RUN_GRADLEW] > Task :expo:compileReleaseLibraryResources
[RUN_GRADLEW] > Task :cosmo-gallery:parseReleaseLocalResources
[RUN_GRADLEW] > Task :expo:parseReleaseLocalResources
[RUN_GRADLEW] > Task :cosmo-gallery:generateReleaseRFile
[RUN_GRADLEW] > Task :expo:generateReleaseRFile
[RUN_GRADLEW] > Task :expo-constants:compileReleaseLibraryResources
[RUN_GRADLEW] > Task :expo-dev-client:compileReleaseLibraryResources
[RUN_GRADLEW] > Task :expo-constants:parseReleaseLocalResources
[RUN_GRADLEW] > Task :expo-dev-client:parseReleaseLocalResources
[RUN_GRADLEW] > Task :expo-constants:generateReleaseRFile
[RUN_GRADLEW] > Task :expo-dev-launcher:compileReleaseLibraryResources
[RUN_GRADLEW] > Task :expo-dev-client:generateReleaseRFile
[RUN_GRADLEW] > Task :expo-dev-launcher:parseReleaseLocalResources
[RUN_GRADLEW] > Task :expo-dev-menu:compileReleaseLibraryResources
[RUN_GRADLEW] > Task :expo-dev-launcher:generateReleaseRFile
[RUN_GRADLEW] > Task :expo-dev-menu:parseReleaseLocalResources
[RUN_GRADLEW] > Task :expo-dev-menu-interface:compileReleaseLibraryResources
[RUN_GRADLEW] > Task :expo-dev-menu:generateReleaseRFile
[RUN_GRADLEW] > Task :expo-dev-menu-interface:parseReleaseLocalResources
[RUN_GRADLEW] > Task :expo-json-utils:compileReleaseLibraryResources
[RUN_GRADLEW] > Task :expo-dev-menu-interface:generateReleaseRFile
[RUN_GRADLEW] > Task :expo-log-box:compileReleaseLibraryResources
[RUN_GRADLEW] > Task :expo-json-utils:parseReleaseLocalResources
[RUN_GRADLEW] > Task :expo-log-box:parseReleaseLocalResources
[RUN_GRADLEW] > Task :expo-json-utils:generateReleaseRFile
[RUN_GRADLEW] > Task :expo-manifests:compileReleaseLibraryResources
[RUN_GRADLEW] > Task :expo-log-box:generateReleaseRFile
[RUN_GRADLEW] > Task :expo-manifests:parseReleaseLocalResources
[RUN_GRADLEW] > Task :expo-modules-core:compileReleaseLibraryResources
[RUN_GRADLEW] > Task :expo-manifests:generateReleaseRFile
[RUN_GRADLEW] > Task :expo-modules-core:parseReleaseLocalResources
[RUN_GRADLEW] > Task :expo-updates-interface:compileReleaseLibraryResources
[RUN_GRADLEW] > Task :expo-modules-core:generateReleaseRFile
[RUN_GRADLEW] > Task :react-native-async-storage_async-storage:compileReleaseLibraryResources
[RUN_GRADLEW] > Task :expo-updates-interface:parseReleaseLocalResources
[RUN_GRADLEW] > Task :react-native-async-storage_async-storage:parseReleaseLocalResources
[RUN_GRADLEW] > Task :expo-updates-interface:generateReleaseRFile
[RUN_GRADLEW] > Task :react-native-async-storage_async-storage:generateReleaseRFile
[RUN_GRADLEW] > Task :react-native-community_slider:compileReleaseLibraryResources
[RUN_GRADLEW] > Task :react-native-gesture-handler:compileReleaseLibraryResources
[RUN_GRADLEW] > Task :react-native-community_slider:parseReleaseLocalResources
[RUN_GRADLEW] > Task :react-native-gesture-handler:parseReleaseLocalResources
[RUN_GRADLEW] > Task :react-native-community_slider:generateReleaseRFile
[RUN_GRADLEW] > Task :react-native-google-mobile-ads:compileReleaseLibraryResources
[RUN_GRADLEW] > Task :react-native-gesture-handler:generateReleaseRFile
[RUN_GRADLEW] > Task :react-native-reanimated:compileReleaseLibraryResources
[RUN_GRADLEW] > Task :react-native-google-mobile-ads:parseReleaseLocalResources
[RUN_GRADLEW] > Task :react-native-google-mobile-ads:generateReleaseRFile
[RUN_GRADLEW] > Task :react-native-reanimated:parseReleaseLocalResources
[RUN_GRADLEW] > Task :react-native-safe-area-context:compileReleaseLibraryResources
[RUN_GRADLEW] > Task :react-native-reanimated:generateReleaseRFile
[RUN_GRADLEW] > Task :react-native-svg:compileReleaseLibraryResources
[RUN_GRADLEW] > Task :react-native-safe-area-context:parseReleaseLocalResources
[RUN_GRADLEW] > Task :react-native-svg:parseReleaseLocalResources
[RUN_GRADLEW] > Task :react-native-safe-area-context:generateReleaseRFile
[RUN_GRADLEW] > Task :react-native-view-shot:compileReleaseLibraryResources
[RUN_GRADLEW] > Task :react-native-svg:generateReleaseRFile
[RUN_GRADLEW] > Task :react-native-view-shot:parseReleaseLocalResources
[RUN_GRADLEW] > Task :react-native-view-shot:generateReleaseRFile
[RUN_GRADLEW] > Task :react-native-webview:parseReleaseLocalResources
[RUN_GRADLEW] > Task :react-native-webview:generateReleaseRFile
[RUN_GRADLEW] > Task :react-native-worklets:compileReleaseLibraryResources
[RUN_GRADLEW] > Task :react-native-worklets:parseReleaseLocalResources
[RUN_GRADLEW] > Task :react-native-worklets:generateReleaseRFile
[RUN_GRADLEW] > Task :react-native-gesture-handler:checkKotlinGradlePluginConfigurationErrors SKIPPED
[RUN_GRADLEW] > Task :react-native-gesture-handler:generateReleaseBuildConfig
[RUN_GRADLEW] > Task :react-native-reanimated:checkKotlinGradlePluginConfigurationErrors SKIPPED
[RUN_GRADLEW] > Task :react-native-reanimated:generateReleaseBuildConfig
[RUN_GRADLEW] > Task :react-native-worklets:checkKotlinGradlePluginConfigurationErrors SKIPPED
[RUN_GRADLEW] > Task :react-native-worklets:generateReleaseBuildConfig
[RUN_GRADLEW] > Task :react-native-webview:compileReleaseLibraryResources
[RUN_GRADLEW] > Task :react-native-reanimated:javaPreCompileRelease
[RUN_GRADLEW] > Task :react-native-svg:generateReleaseBuildConfig
[RUN_GRADLEW] > Task :react-native-svg:javaPreCompileRelease
[RUN_GRADLEW] > Task :react-native-svg:compileReleaseJavaWithJavac
[RUN_GRADLEW] Note: Some input files use or override a deprecated API.
[RUN_GRADLEW] Note: Recompile with -Xlint:deprecation for details.
[RUN_GRADLEW] Note: Some input files use unchecked or unsafe operations.
[RUN_GRADLEW] Note: Recompile with -Xlint:unchecked for details.
[RUN_GRADLEW] > Task :react-native-worklets:javaPreCompileRelease
[RUN_GRADLEW] > Task :app:createBundleReleaseJsAndAssets
[RUN_GRADLEW] Android Bundled 22549ms index.js (1518 modules)
[RUN_GRADLEW] Writing bundle output to: /tmp/codespace/eas-build-local-nodejs/466b137c-d6b3-49b2-9872-6f9cbf8a678e/build/android/app/build/generated/assets/react/release/index.android.bundle
[RUN_GRADLEW] Writing sourcemap output to: /tmp/codespace/eas-build-local-nodejs/466b137c-d6b3-49b2-9872-6f9cbf8a678e/build/android/app/build/intermediates/sourcemaps/react/release/index.android.bundle.packager.map
[RUN_GRADLEW] > Task :react-native-svg:bundleLibCompileToJarRelease
[RUN_GRADLEW] > Task :react-native-gesture-handler:javaPreCompileRelease
[RUN_GRADLEW] > Task :react-native-google-mobile-ads:checkKotlinGradlePluginConfigurationErrors SKIPPED
[RUN_GRADLEW] > Task :react-native-google-mobile-ads:generateReleaseBuildConfig
[RUN_GRADLEW] > Task :react-native-worklets:compileReleaseKotlin
[RUN_GRADLEW] > Task :react-native-worklets:compileReleaseJavaWithJavac
[RUN_GRADLEW] > Task :react-native-worklets:bundleLibCompileToJarRelease
[RUN_GRADLEW] > Task :app:createBundleReleaseJsAndAssets
[RUN_GRADLEW] Copying 7 asset files
[RUN_GRADLEW] Done writing bundle output
[RUN_GRADLEW] Done writing sourcemap output
[RUN_GRADLEW] > Task :app:generateAutolinkingNewArchitectureFiles
[RUN_GRADLEW] > Task :app:generateAutolinkingPackageList
[RUN_GRADLEW] > Task :app:generateCodegenSchemaFromJavaScript SKIPPED
[RUN_GRADLEW] > Task :app:generateCodegenArtifactsFromSchema SKIPPED
[RUN_GRADLEW] > Task :app:generateReactNativeEntryPoint
[RUN_GRADLEW] > Task :app:preBuild
[RUN_GRADLEW] > Task :app:preReleaseBuild
[RUN_GRADLEW] > Task :app:generateReleaseResValues
[RUN_GRADLEW] > Task :react-native-reanimated:compileReleaseKotlin
[RUN_GRADLEW] w: file:///tmp/codespace/eas-build-local-nodejs/466b137c-d6b3-49b2-9872-6f9cbf8a678e/build/node_modules/react-native-reanimated/android/src/main/java/com/swmansion/reanimated/NodesManager.kt:13:8 'class UIManagerModule : ReactContextBaseJavaModule, LifecycleEventListener, UIManager' is deprecated. Deprecated in Java.
[RUN_GRADLEW] w: file:///tmp/codespace/eas-build-local-nodejs/466b137c-d6b3-49b2-9872-6f9cbf8a678e/build/node_modules/react-native-reanimated/android/src/main/java/com/swmansion/reanimated/NodesManager.kt:58:95 'fun resolveCustomDirectEventName(eventName: String): String?' is deprecated.
[RUN_GRADLEW] w: file:///tmp/codespace/eas-build-local-nodejs/466b137c-d6b3-49b2-9872-6f9cbf8a678e/build/node_modules/react-native-reanimated/android/src/main/java/com/swmansion/reanimated/NodesManager.kt:234:29 'fun receiveEvent(surfaceId: Int, targetTag: Int, eventName: String, canCoalesceEvent: Boolean, customCoalesceKey: Int, params: WritableMap?, category: Int): Unit' is deprecated. Use the overload with eventTimestamp parameter instead.
[RUN_GRADLEW] w: file:///tmp/codespace/eas-build-local-nodejs/466b137c-d6b3-49b2-9872-6f9cbf8a678e/build/node_modules/react-native-reanimated/android/src/main/java/com/swmansion/reanimated/ReanimatedPackage.kt:5:8 'class ReactInstanceManager : Any' is deprecated. Deprecated in Java.
[RUN_GRADLEW] w: file:///tmp/codespace/eas-build-local-nodejs/466b137c-d6b3-49b2-9872-6f9cbf8a678e/build/node_modules/react-native-reanimated/android/src/main/java/com/swmansion/reanimated/ReanimatedPackage.kt:60:73 'class ReactInstanceManager : Any' is deprecated. Deprecated in Java.
[RUN_GRADLEW] w: file:///tmp/codespace/eas-build-local-nodejs/466b137c-d6b3-49b2-9872-6f9cbf8a678e/build/node_modules/react-native-reanimated/android/src/main/java/com/swmansion/reanimated/ReanimatedPackage.kt:61:63 'val reactNativeHost: ReactNativeHost' is deprecated. You should not use ReactNativeHost directly in the New Architecture. Use ReactHost instead.
[RUN_GRADLEW] w: file:///tmp/codespace/eas-build-local-nodejs/466b137c-d6b3-49b2-9872-6f9cbf8a678e/build/node_modules/react-native-reanimated/android/src/main/java/com/swmansion/reanimated/nativeProxy/EventHandler.kt:7:8 'class UIManagerModule : ReactContextBaseJavaModule, LifecycleEventListener, UIManager' is deprecated. Deprecated in Java.
[RUN_GRADLEW] w: file:///tmp/codespace/eas-build-local-nodejs/466b137c-d6b3-49b2-9872-6f9cbf8a678e/build/node_modules/react-native-reanimated/android/src/main/java/com/swmansion/reanimated/nativeProxy/EventHandler.kt:25:18 This declaration overrides a deprecated member but is not marked as deprecated itself. Add the '@Deprecated' annotation or suppress the diagnostic.
[RUN_GRADLEW] w: file:///tmp/codespace/eas-build-local-nodejs/466b137c-d6b3-49b2-9872-6f9cbf8a678e/build/node_modules/react-native-reanimated/android/src/main/java/com/swmansion/reanimated/nativeProxy/EventHandler.kt:38:18 This declaration overrides a deprecated member but is not marked as deprecated itself. Add the '@Deprecated' annotation or suppress the diagnostic.
[RUN_GRADLEW] w: file:///tmp/codespace/eas-build-local-nodejs/466b137c-d6b3-49b2-9872-6f9cbf8a678e/build/node_modules/react-native-reanimated/android/src/main/java/com/swmansion/reanimated/nativeProxy/EventHandler.kt:48:18 This declaration overrides a deprecated member but is not marked as deprecated itself. Add the '@Deprecated' annotation or suppress the diagnostic.
[RUN_GRADLEW] w: file:///tmp/codespace/eas-build-local-nodejs/466b137c-d6b3-49b2-9872-6f9cbf8a678e/build/node_modules/react-native-reanimated/android/src/main/java/com/swmansion/reanimated/nativeProxy/EventHandler.kt:57:18 This declaration overrides a deprecated member but is not marked as deprecated itself. Add the '@Deprecated' annotation or suppress the diagnostic.
[RUN_GRADLEW] w: file:///tmp/codespace/eas-build-local-nodejs/466b137c-d6b3-49b2-9872-6f9cbf8a678e/build/node_modules/react-native-reanimated/android/src/main/java/com/swmansion/reanimated/nativeProxy/NoopEventHandler.kt:8:18 This declaration overrides a deprecated member but is not marked as deprecated itself. Add the '@Deprecated' annotation or suppress the diagnostic.
[RUN_GRADLEW] w: file:///tmp/codespace/eas-build-local-nodejs/466b137c-d6b3-49b2-9872-6f9cbf8a678e/build/node_modules/react-native-reanimated/android/src/main/java/com/swmansion/reanimated/nativeProxy/NoopEventHandler.kt:20:18 This declaration overrides a deprecated member but is not marked as deprecated itself. Add the '@Deprecated' annotation or suppress the diagnostic.
[RUN_GRADLEW] w: file:///tmp/codespace/eas-build-local-nodejs/466b137c-d6b3-49b2-9872-6f9cbf8a678e/build/node_modules/react-native-reanimated/android/src/main/java/com/swmansion/reanimated/nativeProxy/NoopEventHandler.kt:29:18 This declaration overrides a deprecated member but is not marked as deprecated itself. Add the '@Deprecated' annotation or suppress the diagnostic.
[RUN_GRADLEW] w: file:///tmp/codespace/eas-build-local-nodejs/466b137c-d6b3-49b2-9872-6f9cbf8a678e/build/node_modules/react-native-reanimated/android/src/main/java/com/swmansion/reanimated/nativeProxy/NoopEventHandler.kt:37:18 This declaration overrides a deprecated member but is not marked as deprecated itself. Add the '@Deprecated' annotation or suppress the diagnostic.
[RUN_GRADLEW] w: file:///tmp/codespace/eas-build-local-nodejs/466b137c-d6b3-49b2-9872-6f9cbf8a678e/build/node_modules/react-native-reanimated/android/src/main/java/com/swmansion/reanimated/sensor/ReanimatedSensor.kt:28:26 'val defaultDisplay: Display!' is deprecated. Deprecated in Java.
[RUN_GRADLEW] > Task :app:mapReleaseSourceSetPaths
[RUN_GRADLEW] > Task :app:generateReleaseResources
[RUN_GRADLEW] > Task :react-native-reanimated:compileReleaseJavaWithJavac
[RUN_GRADLEW] > Task :react-native-reanimated:bundleLibCompileToJarRelease
[RUN_GRADLEW] > Task :react-native-google-mobile-ads:compileReleaseKotlin
[RUN_GRADLEW] w: file:///tmp/codespace/eas-build-local-nodejs/466b137c-d6b3-49b2-9872-6f9cbf8a678e/build/node_modules/react-native-google-mobile-ads/android/src/classic/java/io/invertase/googlemobileads/ReactNativeGoogleMobileAdsModule.kt:86:15 'fun setTagForChildDirectedTreatment(p0: Int): RequestConfiguration.Builder' is deprecated. Deprecated in Java.
[RUN_GRADLEW] w: file:///tmp/codespace/eas-build-local-nodejs/466b137c-d6b3-49b2-9872-6f9cbf8a678e/build/node_modules/react-native-google-mobile-ads/android/src/classic/java/io/invertase/googlemobileads/ReactNativeGoogleMobileAdsModule.kt:88:32 'static field TAG_FOR_CHILD_DIRECTED_TREATMENT_TRUE: Int' is deprecated. Deprecated in Java.
[RUN_GRADLEW] w: file:///tmp/codespace/eas-build-local-nodejs/466b137c-d6b3-49b2-9872-6f9cbf8a678e/build/node_modules/react-native-google-mobile-ads/android/src/classic/java/io/invertase/googlemobileads/ReactNativeGoogleMobileAdsModule.kt:90:32 'static field TAG_FOR_CHILD_DIRECTED_TREATMENT_FALSE: Int' is deprecated. Deprecated in Java.
[RUN_GRADLEW] w: file:///tmp/codespace/eas-build-local-nodejs/466b137c-d6b3-49b2-9872-6f9cbf8a678e/build/node_modules/react-native-google-mobile-ads/android/src/classic/java/io/invertase/googlemobileads/ReactNativeGoogleMobileAdsModule.kt:94:15 'fun setTagForChildDirectedTreatment(p0: Int): RequestConfiguration.Builder' is deprecated. Deprecated in Java.
[RUN_GRADLEW] w: file:///tmp/codespace/eas-build-local-nodejs/466b137c-d6b3-49b2-9872-6f9cbf8a678e/build/node_modules/react-native-google-mobile-ads/android/src/classic/java/io/invertase/googlemobileads/ReactNativeGoogleMobileAdsModule.kt:94:68 'static field TAG_FOR_CHILD_DIRECTED_TREATMENT_UNSPECIFIED: Int' is deprecated. Deprecated in Java.
[RUN_GRADLEW] w: file:///tmp/codespace/eas-build-local-nodejs/466b137c-d6b3-49b2-9872-6f9cbf8a678e/build/node_modules/react-native-google-mobile-ads/android/src/classic/java/io/invertase/googlemobileads/ReactNativeGoogleMobileAdsModule.kt:99:15 'fun setTagForUnderAgeOfConsent(p0: Int): RequestConfiguration.Builder' is deprecated. Deprecated in Java.
[RUN_GRADLEW] w: file:///tmp/codespace/eas-build-local-nodejs/466b137c-d6b3-49b2-9872-6f9cbf8a678e/build/node_modules/react-native-google-mobile-ads/android/src/classic/java/io/invertase/googlemobileads/ReactNativeGoogleMobileAdsModule.kt:101:32 'static field TAG_FOR_UNDER_AGE_OF_CONSENT_TRUE: Int' is deprecated. Deprecated in Java.
[RUN_GRADLEW] w: file:///tmp/codespace/eas-build-local-nodejs/466b137c-d6b3-49b2-9872-6f9cbf8a678e/build/node_modules/react-native-google-mobile-ads/android/src/classic/java/io/invertase/googlemobileads/ReactNativeGoogleMobileAdsModule.kt:103:32 'static field TAG_FOR_UNDER_AGE_OF_CONSENT_FALSE: Int' is deprecated. Deprecated in Java.
[RUN_GRADLEW] w: file:///tmp/codespace/eas-build-local-nodejs/466b137c-d6b3-49b2-9872-6f9cbf8a678e/build/node_modules/react-native-google-mobile-ads/android/src/classic/java/io/invertase/googlemobileads/ReactNativeGoogleMobileAdsModule.kt:107:15 'fun setTagForUnderAgeOfConsent(p0: Int): RequestConfiguration.Builder' is deprecated. Deprecated in Java.
[RUN_GRADLEW] w: file:///tmp/codespace/eas-build-local-nodejs/466b137c-d6b3-49b2-9872-6f9cbf8a678e/build/node_modules/react-native-google-mobile-ads/android/src/classic/java/io/invertase/googlemobileads/ReactNativeGoogleMobileAdsModule.kt:107:63 'static field TAG_FOR_UNDER_AGE_OF_CONSENT_UNSPECIFIED: Int' is deprecated. Deprecated in Java.
[RUN_GRADLEW] w: file:///tmp/codespace/eas-build-local-nodejs/466b137c-d6b3-49b2-9872-6f9cbf8a678e/build/node_modules/react-native-google-mobile-ads/android/src/classic/java/io/invertase/googlemobileads/ReactNativeGoogleMobileAdsPackage.kt:20:8 'class TurboReactPackage : BaseReactPackage' is deprecated. Use BaseReactPackage instead.
[RUN_GRADLEW] w: file:///tmp/codespace/eas-build-local-nodejs/466b137c-d6b3-49b2-9872-6f9cbf8a678e/build/node_modules/react-native-google-mobile-ads/android/src/classic/java/io/invertase/googlemobileads/ReactNativeGoogleMobileAdsPackage.kt:28:43 'class TurboReactPackage : BaseReactPackage' is deprecated. Use BaseReactPackage instead.
[RUN_GRADLEW] w: file:///tmp/codespace/eas-build-local-nodejs/466b137c-d6b3-49b2-9872-6f9cbf8a678e/build/node_modules/react-native-google-mobile-ads/android/src/classic/java/io/invertase/googlemobileads/ReactNativeGoogleMobileAdsResponseInfo.kt:69:24 'fun get(p0: String!): Any?' is deprecated. Deprecated in Java.
[RUN_GRADLEW] w: file:///tmp/codespace/eas-build-local-nodejs/466b137c-d6b3-49b2-9872-6f9cbf8a678e/build/node_modules/react-native-google-mobile-ads/android/src/main/java/io/invertase/googlemobileads/OnNativeEvent.kt:9:5 'constructor<T : Event<T>>(viewTag: Int): Event<T>' is deprecated. Use constructor with explicit surfaceId instead.
[RUN_GRADLEW] > Task :react-native-google-mobile-ads:javaPreCompileRelease
[RUN_GRADLEW] > Task :react-native-google-mobile-ads:compileReleaseJavaWithJavac
[RUN_GRADLEW] > Task :react-native-google-mobile-ads:bundleLibRuntimeToDirRelease
[RUN_GRADLEW] Note: Some input files use or override a deprecated API.
[RUN_GRADLEW] Note: Recompile with -Xlint:deprecation for details.
[RUN_GRADLEW] Note: /tmp/codespace/eas-build-local-nodejs/466b137c-d6b3-49b2-9872-6f9cbf8a678e/build/node_modules/react-native-google-mobile-ads/android/src/classic/java/io/invertase/googlemobileads/ReactNativeGoogleMobileAdsCommon.java uses unchecked or unsafe operations.
[RUN_GRADLEW] Note: Recompile with -Xlint:unchecked for details.
[RUN_GRADLEW] > Task :app:mergeReleaseResources
[RUN_GRADLEW] > Task :app:createReleaseCompatibleScreenManifests
[RUN_GRADLEW] > Task :app:extractDeepLinksRelease
[RUN_GRADLEW] > Task :app:processReleaseMainManifest
[RUN_GRADLEW] /tmp/codespace/eas-build-local-nodejs/466b137c-d6b3-49b2-9872-6f9cbf8a678e/build/android/app/src/main/AndroidManifest.xml:4:3-97 Warning:
[RUN_GRADLEW] 	uses-permission#android.permission.ACCESS_MEDIA_LOCATION was tagged at AndroidManifest.xml:4 to remove other declarations but no other declaration present
[RUN_GRADLEW] /tmp/codespace/eas-build-local-nodejs/466b137c-d6b3-49b2-9872-6f9cbf8a678e/build/android/app/src/main/AndroidManifest.xml:8:3-92 Warning:
[RUN_GRADLEW] 	uses-permission#android.permission.READ_MEDIA_AUDIO was tagged at AndroidManifest.xml:8 to remove other declarations but no other declaration present
[RUN_GRADLEW] /tmp/codespace/eas-build-local-nodejs/466b137c-d6b3-49b2-9872-6f9cbf8a678e/build/android/app/src/main/AndroidManifest.xml:9:3-93 Warning:
[RUN_GRADLEW] 	uses-permission#android.permission.READ_MEDIA_IMAGES was tagged at AndroidManifest.xml:9 to remove other declarations but no other declaration present
[RUN_GRADLEW] /tmp/codespace/eas-build-local-nodejs/466b137c-d6b3-49b2-9872-6f9cbf8a678e/build/android/app/src/main/AndroidManifest.xml:10:3-92 Warning:
[RUN_GRADLEW] 	uses-permission#android.permission.READ_MEDIA_VIDEO was tagged at AndroidManifest.xml:10 to remove other declarations but no other declaration present
[RUN_GRADLEW] /tmp/codespace/eas-build-local-nodejs/466b137c-d6b3-49b2-9872-6f9cbf8a678e/build/android/app/src/main/AndroidManifest.xml:11:3-107 Warning:
[RUN_GRADLEW] 	uses-permission#android.permission.READ_MEDIA_VISUAL_USER_SELECTED was tagged at AndroidManifest.xml:11 to remove other declarations but no other declaration present
[RUN_GRADLEW] /tmp/codespace/eas-build-local-nodejs/466b137c-d6b3-49b2-9872-6f9cbf8a678e/build/android/app/src/main/AndroidManifest.xml Warning:
[RUN_GRADLEW] 	provider#expo.modules.filesystem.FileSystemFileProvider@android:authorities was tagged at AndroidManifest.xml:0 to replace other declarations but no other declaration present
[RUN_GRADLEW] > Task :app:expoReleaseOverrideMaxSdkConflicts
[RUN_GRADLEW] [33m---------- Expo Max Sdk Override Plugin ----------[0m
[RUN_GRADLEW] [32m>>> No 'android:maxSdkVersion' conflicts found[0m
[RUN_GRADLEW] [33m--------------------------------------------------[0m
[RUN_GRADLEW] > Task :app:processReleaseManifest
[RUN_GRADLEW] > Task :app:processApplicationManifestReleaseForBundle
[RUN_GRADLEW] > Task :app:checkReleaseAarMetadata
[RUN_GRADLEW] > Task :app:packageReleaseResources
[RUN_GRADLEW] > Task :app:parseReleaseLocalResources
[RUN_GRADLEW] > Task :app:processReleaseManifestForPackage
[RUN_GRADLEW] > Task :app:extractReleaseVersionControlInfo
[RUN_GRADLEW] > Task :react-native-reanimated:bundleLibRuntimeToDirRelease
[RUN_GRADLEW] > Task :react-native-safe-area-context:checkKotlinGradlePluginConfigurationErrors SKIPPED
[RUN_GRADLEW] > Task :react-native-safe-area-context:generateReleaseBuildConfig
[RUN_GRADLEW] > Task :app:processReleaseResources
[RUN_GRADLEW] > Task :app:bundleReleaseResources
[RUN_GRADLEW] > Task :react-native-safe-area-context:javaPreCompileRelease
[RUN_GRADLEW] > Task :react-native-webview:checkKotlinGradlePluginConfigurationErrors SKIPPED
[RUN_GRADLEW] > Task :react-native-webview:generateReleaseBuildConfig
[RUN_GRADLEW] > Task :react-native-gesture-handler:compileReleaseKotlin
[RUN_GRADLEW] > Task :react-native-safe-area-context:compileReleaseKotlin
[RUN_GRADLEW] w: file:///tmp/codespace/eas-build-local-nodejs/466b137c-d6b3-49b2-9872-6f9cbf8a678e/build/node_modules/react-native-safe-area-context/android/src/main/java/com/th3rdwave/safeareacontext/SafeAreaProviderManager.kt:39:19 'fun getEventDispatcherForReactTag(context: ReactContext, reactTag: Int): EventDispatcher?' is deprecated. reactTag is no longer needed.
[RUN_GRADLEW] w: file:///tmp/codespace/eas-build-local-nodejs/466b137c-d6b3-49b2-9872-6f9cbf8a678e/build/node_modules/react-native-safe-area-context/android/src/main/java/com/th3rdwave/safeareacontext/SafeAreaView.kt:9:8 'class UIManagerModule : ReactContextBaseJavaModule, LifecycleEventListener, UIManager' is deprecated. Deprecated in Java.
[RUN_GRADLEW] w: file:///tmp/codespace/eas-build-local-nodejs/466b137c-d6b3-49b2-9872-6f9cbf8a678e/build/node_modules/react-native-safe-area-context/android/src/main/java/com/th3rdwave/safeareacontext/SafeAreaView.kt:50:54 'class UIManagerModule : ReactContextBaseJavaModule, LifecycleEventListener, UIManager' is deprecated. Deprecated in Java.
[RUN_GRADLEW] w: file:///tmp/codespace/eas-build-local-nodejs/466b137c-d6b3-49b2-9872-6f9cbf8a678e/build/node_modules/react-native-safe-area-context/android/src/main/java/com/th3rdwave/safeareacontext/SafeAreaView.kt:59:23 'val uiImplementation: UIImplementation!' is deprecated. Deprecated in Java.
[RUN_GRADLEW] w: file:///tmp/codespace/eas-build-local-nodejs/466b137c-d6b3-49b2-9872-6f9cbf8a678e/build/node_modules/react-native-safe-area-context/android/src/main/java/com/th3rdwave/safeareacontext/SafeAreaViewShadowNode.kt:9:32 'class LayoutShadowNode : ReactShadowNodeImpl' is deprecated. This class is part of Legacy Architecture and will be removed in a future release.
[RUN_GRADLEW] w: file:///tmp/codespace/eas-build-local-nodejs/466b137c-d6b3-49b2-9872-6f9cbf8a678e/build/node_modules/react-native-safe-area-context/android/src/main/java/com/th3rdwave/safeareacontext/SafeAreaViewShadowNode.kt:110:61 'class NativeViewHierarchyOptimizer : Any' is deprecated. This class is part of Legacy Architecture and will be removed in a future release.
[RUN_GRADLEW] > Task :react-native-safe-area-context:compileReleaseJavaWithJavac
[RUN_GRADLEW] > Task :react-native-safe-area-context:bundleLibRuntimeToDirRelease
[RUN_GRADLEW] > Task :react-native-webview:javaPreCompileRelease
[RUN_GRADLEW] > Task :cosmo-gallery:checkKotlinGradlePluginConfigurationErrors SKIPPED
[RUN_GRADLEW] > Task :cosmo-gallery:generateReleaseBuildConfig
[RUN_GRADLEW] > Task :expo-modules-core:checkKotlinGradlePluginConfigurationErrors SKIPPED
[RUN_GRADLEW] > Task :expo-modules-core:generateReleaseBuildConfig
[RUN_GRADLEW] > Task :react-native-gesture-handler:compileReleaseKotlin
[RUN_GRADLEW] w: file:///tmp/codespace/eas-build-local-nodejs/466b137c-d6b3-49b2-9872-6f9cbf8a678e/build/node_modules/react-native-gesture-handler/android/src/main/java/com/swmansion/gesturehandler/react/Extensions.kt:8:8 'class UIManagerModule : ReactContextBaseJavaModule, LifecycleEventListener, UIManager' is deprecated. Deprecated in Java.
[RUN_GRADLEW] w: file:///tmp/codespace/eas-build-local-nodejs/466b137c-d6b3-49b2-9872-6f9cbf8a678e/build/node_modules/react-native-gesture-handler/android/src/main/java/com/swmansion/gesturehandler/react/Extensions.kt:13:29 'class UIManagerModule : ReactContextBaseJavaModule, LifecycleEventListener, UIManager' is deprecated. Deprecated in Java.
[RUN_GRADLEW] w: file:///tmp/codespace/eas-build-local-nodejs/466b137c-d6b3-49b2-9872-6f9cbf8a678e/build/node_modules/react-native-gesture-handler/android/src/main/java/com/swmansion/gesturehandler/react/Extensions.kt:14:32 'class UIManagerModule : ReactContextBaseJavaModule, LifecycleEventListener, UIManager' is deprecated. Deprecated in Java.
[RUN_GRADLEW] > Task :react-native-gesture-handler:compileReleaseJavaWithJavac
[RUN_GRADLEW] > Task :react-native-gesture-handler:bundleLibRuntimeToDirRelease
[RUN_GRADLEW] > Task :react-native-webview:compileReleaseKotlin
[RUN_GRADLEW] w: file:///tmp/codespace/eas-build-local-nodejs/466b137c-d6b3-49b2-9872-6f9cbf8a678e/build/node_modules/react-native-webview/android/src/main/java/com/reactnativecommunity/webview/RNCWebViewManagerImpl.kt:22:8 'object MapBuilder : Any' is deprecated. Use Kotlin's built-in collections extensions.
[RUN_GRADLEW] w: file:///tmp/codespace/eas-build-local-nodejs/466b137c-d6b3-49b2-9872-6f9cbf8a678e/build/node_modules/react-native-webview/android/src/main/java/com/reactnativecommunity/webview/RNCWebViewManagerImpl.kt:82:18 'var allowFileAccessFromFileURLs: Boolean' is deprecated. Deprecated in Java.
[RUN_GRADLEW] w: file:///tmp/codespace/eas-build-local-nodejs/466b137c-d6b3-49b2-9872-6f9cbf8a678e/build/node_modules/react-native-webview/android/src/main/java/com/reactnativecommunity/webview/RNCWebViewManagerImpl.kt:83:18 'var allowUniversalAccessFromFileURLs: Boolean' is deprecated. Deprecated in Java.
[RUN_GRADLEW] w: file:///tmp/codespace/eas-build-local-nodejs/466b137c-d6b3-49b2-9872-6f9cbf8a678e/build/node_modules/react-native-webview/android/src/main/java/com/reactnativecommunity/webview/RNCWebViewManagerImpl.kt:124:21 'fun allowScanningByMediaScanner(): Unit' is deprecated. Deprecated in Java.
[RUN_GRADLEW] w: file:///tmp/codespace/eas-build-local-nodejs/466b137c-d6b3-49b2-9872-6f9cbf8a678e/build/node_modules/react-native-webview/android/src/main/java/com/reactnativecommunity/webview/RNCWebViewManagerImpl.kt:161:36 'var systemUiVisibility: Int' is deprecated. Deprecated in Java.
[RUN_GRADLEW] w: file:///tmp/codespace/eas-build-local-nodejs/466b137c-d6b3-49b2-9872-6f9cbf8a678e/build/node_modules/react-native-webview/android/src/main/java/com/reactnativecommunity/webview/RNCWebViewManagerImpl.kt:300:14 'object MapBuilder : Any' is deprecated. Use Kotlin's built-in collections extensions.
[RUN_GRADLEW] w: file:///tmp/codespace/eas-build-local-nodejs/466b137c-d6b3-49b2-9872-6f9cbf8a678e/build/node_modules/react-native-webview/android/src/main/java/com/reactnativecommunity/webview/RNCWebViewManagerImpl.kt:350:34 Condition is always 'true'.
[RUN_GRADLEW] w: file:///tmp/codespace/eas-build-local-nodejs/466b137c-d6b3-49b2-9872-6f9cbf8a678e/build/node_modules/react-native-webview/android/src/main/java/com/reactnativecommunity/webview/RNCWebViewManagerImpl.kt:369:38 'var allowUniversalAccessFromFileURLs: Boolean' is deprecated. Deprecated in Java.
[RUN_GRADLEW] w: file:///tmp/codespace/eas-build-local-nodejs/466b137c-d6b3-49b2-9872-6f9cbf8a678e/build/node_modules/react-native-webview/android/src/main/java/com/reactnativecommunity/webview/RNCWebViewManagerImpl.kt:430:51 Unchecked cast of 'Any?' to 'HashMap<String, String>'.
[RUN_GRADLEW] w: file:///tmp/codespace/eas-build-local-nodejs/466b137c-d6b3-49b2-9872-6f9cbf8a678e/build/node_modules/react-native-webview/android/src/main/java/com/reactnativecommunity/webview/RNCWebViewManagerImpl.kt:486:23 'var savePassword: Boolean' is deprecated. Deprecated in Java.
[RUN_GRADLEW] w: file:///tmp/codespace/eas-build-local-nodejs/466b137c-d6b3-49b2-9872-6f9cbf8a678e/build/node_modules/react-native-webview/android/src/main/java/com/reactnativecommunity/webview/RNCWebViewManagerImpl.kt:487:23 'var saveFormData: Boolean' is deprecated. Deprecated in Java.
[RUN_GRADLEW] w: file:///tmp/codespace/eas-build-local-nodejs/466b137c-d6b3-49b2-9872-6f9cbf8a678e/build/node_modules/react-native-webview/android/src/main/java/com/reactnativecommunity/webview/RNCWebViewManagerImpl.kt:557:23 'var allowFileAccessFromFileURLs: Boolean' is deprecated. Deprecated in Java.
[RUN_GRADLEW] w: file:///tmp/codespace/eas-build-local-nodejs/466b137c-d6b3-49b2-9872-6f9cbf8a678e/build/node_modules/react-native-webview/android/src/main/java/com/reactnativecommunity/webview/RNCWebViewManagerImpl.kt:602:52 'static field FORCE_DARK_ON: Int' is deprecated. Deprecated in Java.
[RUN_GRADLEW] w: file:///tmp/codespace/eas-build-local-nodejs/466b137c-d6b3-49b2-9872-6f9cbf8a678e/build/node_modules/react-native-webview/android/src/main/java/com/reactnativecommunity/webview/RNCWebViewManagerImpl.kt:602:89 'static field FORCE_DARK_OFF: Int' is deprecated. Deprecated in Java.
[RUN_GRADLEW] w: file:///tmp/codespace/eas-build-local-nodejs/466b137c-d6b3-49b2-9872-6f9cbf8a678e/build/node_modules/react-native-webview/android/src/main/java/com/reactnativecommunity/webview/RNCWebViewManagerImpl.kt:603:35 'static fun setForceDark(p0: @NonNull() WebSettings, p1: Int): Unit' is deprecated. Deprecated in Java.
[RUN_GRADLEW] w: file:///tmp/codespace/eas-build-local-nodejs/466b137c-d6b3-49b2-9872-6f9cbf8a678e/build/node_modules/react-native-webview/android/src/main/java/com/reactnativecommunity/webview/RNCWebViewManagerImpl.kt:612:35 'static fun setForceDarkStrategy(p0: @NonNull() WebSettings, p1: Int): Unit' is deprecated. Deprecated in Java.
[RUN_GRADLEW] w: file:///tmp/codespace/eas-build-local-nodejs/466b137c-d6b3-49b2-9872-6f9cbf8a678e/build/node_modules/react-native-webview/android/src/main/java/com/reactnativecommunity/webview/RNCWebViewManagerImpl.kt:614:39 'static field DARK_STRATEGY_PREFER_WEB_THEME_OVER_USER_AGENT_DARKENING: Int' is deprecated. Deprecated in Java.
[RUN_GRADLEW] w: file:///tmp/codespace/eas-build-local-nodejs/466b137c-d6b3-49b2-9872-6f9cbf8a678e/build/node_modules/react-native-webview/android/src/main/java/com/reactnativecommunity/webview/RNCWebViewManagerImpl.kt:658:65 Unchecked cast of 'ArrayList<Any?>' to 'List<Map<String, String>>'.
[RUN_GRADLEW] w: file:///tmp/codespace/eas-build-local-nodejs/466b137c-d6b3-49b2-9872-6f9cbf8a678e/build/node_modules/react-native-webview/android/src/main/java/com/reactnativecommunity/webview/RNCWebViewManagerImpl.kt:679:23 'var saveFormData: Boolean' is deprecated. Deprecated in Java.
[RUN_GRADLEW] w: file:///tmp/codespace/eas-build-local-nodejs/466b137c-d6b3-49b2-9872-6f9cbf8a678e/build/node_modules/react-native-webview/android/src/main/java/com/reactnativecommunity/webview/events/SubResourceErrorEvent.kt:5:8 'interface RCTEventEmitter : JavaScriptModule' is deprecated. Use [RCTModernEventEmitter] instead.
[RUN_GRADLEW] w: file:///tmp/codespace/eas-build-local-nodejs/466b137c-d6b3-49b2-9872-6f9cbf8a678e/build/node_modules/react-native-webview/android/src/main/java/com/reactnativecommunity/webview/events/SubResourceErrorEvent.kt:11:3 'constructor<T : Event<T>>(viewTag: Int): Event<T>' is deprecated. Use constructor with explicit surfaceId instead.
[RUN_GRADLEW] w: file:///tmp/codespace/eas-build-local-nodejs/466b137c-d6b3-49b2-9872-6f9cbf8a678e/build/node_modules/react-native-webview/android/src/main/java/com/reactnativecommunity/webview/events/SubResourceErrorEvent.kt:22:16 This declaration overrides a deprecated member but is not marked as deprecated itself. Add the '@Deprecated' annotation or suppress the diagnostic.
[RUN_GRADLEW] w: file:///tmp/codespace/eas-build-local-nodejs/466b137c-d6b3-49b2-9872-6f9cbf8a678e/build/node_modules/react-native-webview/android/src/main/java/com/reactnativecommunity/webview/events/SubResourceErrorEvent.kt:22:42 'interface RCTEventEmitter : JavaScriptModule' is deprecated. Use [RCTModernEventEmitter] instead.
[RUN_GRADLEW] w: file:///tmp/codespace/eas-build-local-nodejs/466b137c-d6b3-49b2-9872-6f9cbf8a678e/build/node_modules/react-native-webview/android/src/main/java/com/reactnativecommunity/webview/events/SubResourceErrorEvent.kt:23:21 'fun receiveEvent(targetTag: Int, eventName: String, params: WritableMap?): Unit' is deprecated. Use [RCTModernEventEmitter.receiveEvent] instead.
[RUN_GRADLEW] w: file:///tmp/codespace/eas-build-local-nodejs/466b137c-d6b3-49b2-9872-6f9cbf8a678e/build/node_modules/react-native-webview/android/src/main/java/com/reactnativecommunity/webview/events/TopCustomMenuSelectionEvent.kt:5:8 'interface RCTEventEmitter : JavaScriptModule' is deprecated. Use [RCTModernEventEmitter] instead.
[RUN_GRADLEW] w: file:///tmp/codespace/eas-build-local-nodejs/466b137c-d6b3-49b2-9872-6f9cbf8a678e/build/node_modules/react-native-webview/android/src/main/java/com/reactnativecommunity/webview/events/TopCustomMenuSelectionEvent.kt:11:3 'constructor<T : Event<T>>(viewTag: Int): Event<T>' is deprecated. Use constructor with explicit surfaceId instead.
[RUN_GRADLEW] w: file:///tmp/codespace/eas-build-local-nodejs/466b137c-d6b3-49b2-9872-6f9cbf8a678e/build/node_modules/react-native-webview/android/src/main/java/com/reactnativecommunity/webview/events/TopCustomMenuSelectionEvent.kt:22:16 This declaration overrides a deprecated member but is not marked as deprecated itself. Add the '@Deprecated' annotation or suppress the diagnostic.
[RUN_GRADLEW] w: file:///tmp/codespace/eas-build-local-nodejs/466b137c-d6b3-49b2-9872-6f9cbf8a678e/build/node_modules/react-native-webview/android/src/main/java/com/reactnativecommunity/webview/events/TopCustomMenuSelectionEvent.kt:22:42 'interface RCTEventEmitter : JavaScriptModule' is deprecated. Use [RCTModernEventEmitter] instead.
[RUN_GRADLEW] w: file:///tmp/codespace/eas-build-local-nodejs/466b137c-d6b3-49b2-9872-6f9cbf8a678e/build/node_modules/react-native-webview/android/src/main/java/com/reactnativecommunity/webview/events/TopCustomMenuSelectionEvent.kt:23:21 'fun receiveEvent(targetTag: Int, eventName: String, params: WritableMap?): Unit' is deprecated. Use [RCTModernEventEmitter.receiveEvent] instead.
[RUN_GRADLEW] w: file:///tmp/codespace/eas-build-local-nodejs/466b137c-d6b3-49b2-9872-6f9cbf8a678e/build/node_modules/react-native-webview/android/src/main/java/com/reactnativecommunity/webview/events/TopHttpErrorEvent.kt:5:8 'interface RCTEventEmitter : JavaScriptModule' is deprecated. Use [RCTModernEventEmitter] instead.
[RUN_GRADLEW] w: file:///tmp/codespace/eas-build-local-nodejs/466b137c-d6b3-49b2-9872-6f9cbf8a678e/build/node_modules/react-native-webview/android/src/main/java/com/reactnativecommunity/webview/events/TopHttpErrorEvent.kt:11:3 'constructor<T : Event<T>>(viewTag: Int): Event<T>' is deprecated. Use constructor with explicit surfaceId instead.
[RUN_GRADLEW] w: file:///tmp/codespace/eas-build-local-nodejs/466b137c-d6b3-49b2-9872-6f9cbf8a678e/build/node_modules/react-native-webview/android/src/main/java/com/reactnativecommunity/webview/events/TopHttpErrorEvent.kt:22:16 This declaration overrides a deprecated member but is not marked as deprecated itself. Add the '@Deprecated' annotation or suppress the diagnostic.
[RUN_GRADLEW] w: file:///tmp/codespace/eas-build-local-nodejs/466b137c-d6b3-49b2-9872-6f9cbf8a678e/build/node_modules/react-native-webview/android/src/main/java/com/reactnativecommunity/webview/events/TopHttpErrorEvent.kt:22:42 'interface RCTEventEmitter : JavaScriptModule' is deprecated. Use [RCTModernEventEmitter] instead.
[RUN_GRADLEW] w: file:///tmp/codespace/eas-build-local-nodejs/466b137c-d6b3-49b2-9872-6f9cbf8a678e/build/node_modules/react-native-webview/android/src/main/java/com/reactnativecommunity/webview/events/TopHttpErrorEvent.kt:23:21 'fun receiveEvent(targetTag: Int, eventName: String, params: WritableMap?): Unit' is deprecated. Use [RCTModernEventEmitter.receiveEvent] instead.
[RUN_GRADLEW] w: file:///tmp/codespace/eas-build-local-nodejs/466b137c-d6b3-49b2-9872-6f9cbf8a678e/build/node_modules/react-native-webview/android/src/main/java/com/reactnativecommunity/webview/events/TopLoadingErrorEvent.kt:5:8 'interface RCTEventEmitter : JavaScriptModule' is deprecated. Use [RCTModernEventEmitter] instead.
[RUN_GRADLEW] w: file:///tmp/codespace/eas-build-local-nodejs/466b137c-d6b3-49b2-9872-6f9cbf8a678e/build/node_modules/react-native-webview/android/src/main/java/com/reactnativecommunity/webview/events/TopLoadingErrorEvent.kt:11:3 'constructor<T : Event<T>>(viewTag: Int): Event<T>' is deprecated. Use constructor with explicit surfaceId instead.
[RUN_GRADLEW] w: file:///tmp/codespace/eas-build-local-nodejs/466b137c-d6b3-49b2-9872-6f9cbf8a678e/build/node_modules/react-native-webview/android/src/main/java/com/reactnativecommunity/webview/events/TopLoadingErrorEvent.kt:22:16 This declaration overrides a deprecated member but is not marked as deprecated itself. Add the '@Deprecated' annotation or suppress the diagnostic.
[RUN_GRADLEW] w: file:///tmp/codespace/eas-build-local-nodejs/466b137c-d6b3-49b2-9872-6f9cbf8a678e/build/node_modules/react-native-webview/android/src/main/java/com/reactnativecommunity/webview/events/TopLoadingErrorEvent.kt:22:42 'interface RCTEventEmitter : JavaScriptModule' is deprecated. Use [RCTModernEventEmitter] instead.
[RUN_GRADLEW] w: file:///tmp/codespace/eas-build-local-nodejs/466b137c-d6b3-49b2-9872-6f9cbf8a678e/build/node_modules/react-native-webview/android/src/main/java/com/reactnativecommunity/webview/events/TopLoadingErrorEvent.kt:23:21 'fun receiveEvent(targetTag: Int, eventName: String, params: WritableMap?): Unit' is deprecated. Use [RCTModernEventEmitter.receiveEvent] instead.
[RUN_GRADLEW] w: file:///tmp/codespace/eas-build-local-nodejs/466b137c-d6b3-49b2-9872-6f9cbf8a678e/build/node_modules/react-native-webview/android/src/main/java/com/reactnativecommunity/webview/events/TopLoadingFinishEvent.kt:5:8 'interface RCTEventEmitter : JavaScriptModule' is deprecated. Use [RCTModernEventEmitter] instead.
[RUN_GRADLEW] w: file:///tmp/codespace/eas-build-local-nodejs/466b137c-d6b3-49b2-9872-6f9cbf8a678e/build/node_modules/react-native-webview/android/src/main/java/com/reactnativecommunity/webview/events/TopLoadingFinishEvent.kt:11:3 'constructor<T : Event<T>>(viewTag: Int): Event<T>' is deprecated. Use constructor with explicit surfaceId instead.
[RUN_GRADLEW] w: file:///tmp/codespace/eas-build-local-nodejs/466b137c-d6b3-49b2-9872-6f9cbf8a678e/build/node_modules/react-native-webview/android/src/main/java/com/reactnativecommunity/webview/events/TopLoadingFinishEvent.kt:22:16 This declaration overrides a deprecated member but is not marked as deprecated itself. Add the '@Deprecated' annotation or suppress the diagnostic.
[RUN_GRADLEW] w: file:///tmp/codespace/eas-build-local-nodejs/466b137c-d6b3-49b2-9872-6f9cbf8a678e/build/node_modules/react-native-webview/android/src/main/java/com/reactnativecommunity/webview/events/TopLoadingFinishEvent.kt:22:42 'interface RCTEventEmitter : JavaScriptModule' is deprecated. Use [RCTModernEventEmitter] instead.
[RUN_GRADLEW] w: file:///tmp/codespace/eas-build-local-nodejs/466b137c-d6b3-49b2-9872-6f9cbf8a678e/build/node_modules/react-native-webview/android/src/main/java/com/reactnativecommunity/webview/events/TopLoadingFinishEvent.kt:23:21 'fun receiveEvent(targetTag: Int, eventName: String, params: WritableMap?): Unit' is deprecated. Use [RCTModernEventEmitter.receiveEvent] instead.
[RUN_GRADLEW] w: file:///tmp/codespace/eas-build-local-nodejs/466b137c-d6b3-49b2-9872-6f9cbf8a678e/build/node_modules/react-native-webview/android/src/main/java/com/reactnativecommunity/webview/events/TopLoadingProgressEvent.kt:5:8 'interface RCTEventEmitter : JavaScriptModule' is deprecated. Use [RCTModernEventEmitter] instead.
[RUN_GRADLEW] w: file:///tmp/codespace/eas-build-local-nodejs/466b137c-d6b3-49b2-9872-6f9cbf8a678e/build/node_modules/react-native-webview/android/src/main/java/com/reactnativecommunity/webview/events/TopLoadingProgressEvent.kt:11:3 'constructor<T : Event<T>>(viewTag: Int): Event<T>' is deprecated. Use constructor with explicit surfaceId instead.
[RUN_GRADLEW] w: file:///tmp/codespace/eas-build-local-nodejs/466b137c-d6b3-49b2-9872-6f9cbf8a678e/build/node_modules/react-native-webview/android/src/main/java/com/reactnativecommunity/webview/events/TopLoadingProgressEvent.kt:22:16 This declaration overrides a deprecated member but is not marked as deprecated itself. Add the '@Deprecated' annotation or suppress the diagnostic.
[RUN_GRADLEW] w: file:///tmp/codespace/eas-build-local-nodejs/466b137c-d6b3-49b2-9872-6f9cbf8a678e/build/node_modules/react-native-webview/android/src/main/java/com/reactnativecommunity/webview/events/TopLoadingProgressEvent.kt:22:42 'interface RCTEventEmitter : JavaScriptModule' is deprecated. Use [RCTModernEventEmitter] instead.
[RUN_GRADLEW] w: file:///tmp/codespace/eas-build-local-nodejs/466b137c-d6b3-49b2-9872-6f9cbf8a678e/build/node_modules/react-native-webview/android/src/main/java/com/reactnativecommunity/webview/events/TopLoadingProgressEvent.kt:23:21 'fun receiveEvent(targetTag: Int, eventName: String, params: WritableMap?): Unit' is deprecated. Use [RCTModernEventEmitter.receiveEvent] instead.
[RUN_GRADLEW] w: file:///tmp/codespace/eas-build-local-nodejs/466b137c-d6b3-49b2-9872-6f9cbf8a678e/build/node_modules/react-native-webview/android/src/main/java/com/reactnativecommunity/webview/events/TopLoadingStartEvent.kt:5:8 'interface RCTEventEmitter : JavaScriptModule' is deprecated. Use [RCTModernEventEmitter] instead.
[RUN_GRADLEW] w: file:///tmp/codespace/eas-build-local-nodejs/466b137c-d6b3-49b2-9872-6f9cbf8a678e/build/node_modules/react-native-webview/android/src/main/java/com/reactnativecommunity/webview/events/TopLoadingStartEvent.kt:11:3 'constructor<T : Event<T>>(viewTag: Int): Event<T>' is deprecated. Use constructor with explicit surfaceId instead.
[RUN_GRADLEW] w: file:///tmp/codespace/eas-build-local-nodejs/466b137c-d6b3-49b2-9872-6f9cbf8a678e/build/node_modules/react-native-webview/android/src/main/java/com/reactnativecommunity/webview/events/TopLoadingStartEvent.kt:22:16 This declaration overrides a deprecated member but is not marked as deprecated itself. Add the '@Deprecated' annotation or suppress the diagnostic.
[RUN_GRADLEW] w: file:///tmp/codespace/eas-build-local-nodejs/466b137c-d6b3-49b2-9872-6f9cbf8a678e/build/node_modules/react-native-webview/android/src/main/java/com/reactnativecommunity/webview/events/TopLoadingStartEvent.kt:22:42 'interface RCTEventEmitter : JavaScriptModule' is deprecated. Use [RCTModernEventEmitter] instead.
[RUN_GRADLEW] w: file:///tmp/codespace/eas-build-local-nodejs/466b137c-d6b3-49b2-9872-6f9cbf8a678e/build/node_modules/react-native-webview/android/src/main/java/com/reactnativecommunity/webview/events/TopLoadingStartEvent.kt:23:21 'fun receiveEvent(targetTag: Int, eventName: String, params: WritableMap?): Unit' is deprecated. Use [RCTModernEventEmitter.receiveEvent] instead.
[RUN_GRADLEW] w: file:///tmp/codespace/eas-build-local-nodejs/466b137c-d6b3-49b2-9872-6f9cbf8a678e/build/node_modules/react-native-webview/android/src/main/java/com/reactnativecommunity/webview/events/TopMessageEvent.kt:5:8 'interface RCTEventEmitter : JavaScriptModule' is deprecated. Use [RCTModernEventEmitter] instead.
[RUN_GRADLEW] w: file:///tmp/codespace/eas-build-local-nodejs/466b137c-d6b3-49b2-9872-6f9cbf8a678e/build/node_modules/react-native-webview/android/src/main/java/com/reactnativecommunity/webview/events/TopMessageEvent.kt:10:75 'constructor<T : Event<T>>(viewTag: Int): Event<T>' is deprecated. Use constructor with explicit surfaceId instead.
[RUN_GRADLEW] w: file:///tmp/codespace/eas-build-local-nodejs/466b137c-d6b3-49b2-9872-6f9cbf8a678e/build/node_modules/react-native-webview/android/src/main/java/com/reactnativecommunity/webview/events/TopMessageEvent.kt:21:16 This declaration overrides a deprecated member but is not marked as deprecated itself. Add the '@Deprecated' annotation or suppress the diagnostic.
[RUN_GRADLEW] w: file:///tmp/codespace/eas-build-local-nodejs/466b137c-d6b3-49b2-9872-6f9cbf8a678e/build/node_modules/react-native-webview/android/src/main/java/com/reactnativecommunity/webview/events/TopMessageEvent.kt:21:42 'interface RCTEventEmitter : JavaScriptModule' is deprecated. Use [RCTModernEventEmitter] instead.
[RUN_GRADLEW] w: file:///tmp/codespace/eas-build-local-nodejs/466b137c-d6b3-49b2-9872-6f9cbf8a678e/build/node_modules/react-native-webview/android/src/main/java/com/reactnativecommunity/webview/events/TopMessageEvent.kt:22:21 'fun receiveEvent(targetTag: Int, eventName: String, params: WritableMap?): Unit' is deprecated. Use [RCTModernEventEmitter.receiveEvent] instead.
[RUN_GRADLEW] w: file:///tmp/codespace/eas-build-local-nodejs/466b137c-d6b3-49b2-9872-6f9cbf8a678e/build/node_modules/react-native-webview/android/src/main/java/com/reactnativecommunity/webview/events/TopNewWindowEvent.kt:5:8 'interface RCTEventEmitter : JavaScriptModule' is deprecated. Use [RCTModernEventEmitter] instead.
[RUN_GRADLEW] w: file:///tmp/codespace/eas-build-local-nodejs/466b137c-d6b3-49b2-9872-6f9cbf8a678e/build/node_modules/react-native-webview/android/src/main/java/com/reactnativecommunity/webview/events/TopNewWindowEvent.kt:11:3 'constructor<T : Event<T>>(viewTag: Int): Event<T>' is deprecated. Use constructor with explicit surfaceId instead.
[RUN_GRADLEW] w: file:///tmp/codespace/eas-build-local-nodejs/466b137c-d6b3-49b2-9872-6f9cbf8a678e/build/node_modules/react-native-webview/android/src/main/java/com/reactnativecommunity/webview/events/TopNewWindowEvent.kt:22:16 This declaration overrides a deprecated member but is not marked as deprecated itself. Add the '@Deprecated' annotation or suppress the diagnostic.
[RUN_GRADLEW] w: file:///tmp/codespace/eas-build-local-nodejs/466b137c-d6b3-49b2-9872-6f9cbf8a678e/build/node_modules/react-native-webview/android/src/main/java/com/reactnativecommunity/webview/events/TopNewWindowEvent.kt:22:42 'interface RCTEventEmitter : JavaScriptModule' is deprecated. Use [RCTModernEventEmitter] instead.
[RUN_GRADLEW] w: file:///tmp/codespace/eas-build-local-nodejs/466b137c-d6b3-49b2-9872-6f9cbf8a678e/build/node_modules/react-native-webview/android/src/main/java/com/reactnativecommunity/webview/events/TopNewWindowEvent.kt:23:21 'fun receiveEvent(targetTag: Int, eventName: String, params: WritableMap?): Unit' is deprecated. Use [RCTModernEventEmitter.receiveEvent] instead.
[RUN_GRADLEW] w: file:///tmp/codespace/eas-build-local-nodejs/466b137c-d6b3-49b2-9872-6f9cbf8a678e/build/node_modules/react-native-webview/android/src/main/java/com/reactnativecommunity/webview/events/TopRenderProcessGoneEvent.kt:5:8 'interface RCTEventEmitter : JavaScriptModule' is deprecated. Use [RCTModernEventEmitter] instead.
[RUN_GRADLEW] w: file:///tmp/codespace/eas-build-local-nodejs/466b137c-d6b3-49b2-9872-6f9cbf8a678e/build/node_modules/react-native-webview/android/src/main/java/com/reactnativecommunity/webview/events/TopRenderProcessGoneEvent.kt:12:3 'constructor<T : Event<T>>(viewTag: Int): Event<T>' is deprecated. Use constructor with explicit surfaceId instead.
[RUN_GRADLEW] w: file:///tmp/codespace/eas-build-local-nodejs/466b137c-d6b3-49b2-9872-6f9cbf8a678e/build/node_modules/react-native-webview/android/src/main/java/com/reactnativecommunity/webview/events/TopRenderProcessGoneEvent.kt:23:16 This declaration overrides a deprecated member but is not marked as deprecated itself. Add the '@Deprecated' annotation or suppress the diagnostic.
[RUN_GRADLEW] w: file:///tmp/codespace/eas-build-local-nodejs/466b137c-d6b3-49b2-9872-6f9cbf8a678e/build/node_modules/react-native-webview/android/src/main/java/com/reactnativecommunity/webview/events/TopRenderProcessGoneEvent.kt:23:42 'interface RCTEventEmitter : JavaScriptModule' is deprecated. Use [RCTModernEventEmitter] instead.
[RUN_GRADLEW] w: file:///tmp/codespace/eas-build-local-nodejs/466b137c-d6b3-49b2-9872-6f9cbf8a678e/build/node_modules/react-native-webview/android/src/main/java/com/reactnativecommunity/webview/events/TopRenderProcessGoneEvent.kt:24:21 'fun receiveEvent(targetTag: Int, eventName: String, params: WritableMap?): Unit' is deprecated. Use [RCTModernEventEmitter.receiveEvent] instead.
[RUN_GRADLEW] w: file:///tmp/codespace/eas-build-local-nodejs/466b137c-d6b3-49b2-9872-6f9cbf8a678e/build/node_modules/react-native-webview/android/src/main/java/com/reactnativecommunity/webview/events/TopShouldStartLoadWithRequestEvent.kt:5:8 'interface RCTEventEmitter : JavaScriptModule' is deprecated. Use [RCTModernEventEmitter] instead.
[RUN_GRADLEW] w: file:///tmp/codespace/eas-build-local-nodejs/466b137c-d6b3-49b2-9872-6f9cbf8a678e/build/node_modules/react-native-webview/android/src/main/java/com/reactnativecommunity/webview/events/TopShouldStartLoadWithRequestEvent.kt:10:89 'constructor<T : Event<T>>(viewTag: Int): Event<T>' is deprecated. Use constructor with explicit surfaceId instead.
[RUN_GRADLEW] w: file:///tmp/codespace/eas-build-local-nodejs/466b137c-d6b3-49b2-9872-6f9cbf8a678e/build/node_modules/react-native-webview/android/src/main/java/com/reactnativecommunity/webview/events/TopShouldStartLoadWithRequestEvent.kt:27:16 This declaration overrides a deprecated member but is not marked as deprecated itself. Add the '@Deprecated' annotation or suppress the diagnostic.
[RUN_GRADLEW] w: file:///tmp/codespace/eas-build-local-nodejs/466b137c-d6b3-49b2-9872-6f9cbf8a678e/build/node_modules/react-native-webview/android/src/main/java/com/reactnativecommunity/webview/events/TopShouldStartLoadWithRequestEvent.kt:27:42 'interface RCTEventEmitter : JavaScriptModule' is deprecated. Use [RCTModernEventEmitter] instead.
[RUN_GRADLEW] w: file:///tmp/codespace/eas-build-local-nodejs/466b137c-d6b3-49b2-9872-6f9cbf8a678e/build/node_modules/react-native-webview/android/src/main/java/com/reactnativecommunity/webview/events/TopShouldStartLoadWithRequestEvent.kt:28:21 'fun receiveEvent(targetTag: Int, eventName: String, params: WritableMap?): Unit' is deprecated. Use [RCTModernEventEmitter.receiveEvent] instead.
[RUN_GRADLEW] > Task :react-native-webview:compileReleaseJavaWithJavac
[RUN_GRADLEW] Note: Some input files use or override a deprecated API.
[RUN_GRADLEW] Note: Recompile with -Xlint:deprecation for details.
[RUN_GRADLEW] > Task :react-native-webview:bundleLibRuntimeToDirRelease
[RUN_GRADLEW] > Task :expo-modules-core:javaPreCompileRelease
[RUN_GRADLEW] > Task :cosmo-gallery:javaPreCompileRelease
[RUN_GRADLEW] > Task :expo:checkKotlinGradlePluginConfigurationErrors SKIPPED
[RUN_GRADLEW] > Task :expo:generateReleaseBuildConfig
[RUN_GRADLEW] > Task :expo-constants:checkKotlinGradlePluginConfigurationErrors SKIPPED
[RUN_GRADLEW] > Task :expo-constants:generateReleaseBuildConfig
[RUN_GRADLEW] > Task :expo-constants:javaPreCompileRelease
[RUN_GRADLEW] > Task :expo-dev-client:checkKotlinGradlePluginConfigurationErrors SKIPPED
[RUN_GRADLEW] > Task :expo-dev-client:dataBindingMergeDependencyArtifactsRelease
[RUN_GRADLEW] > Task :expo-dev-launcher:checkKotlinGradlePluginConfigurationErrors SKIPPED
[RUN_GRADLEW] > Task :expo-dev-client:dataBindingGenBaseClassesRelease
[RUN_GRADLEW] > Task :expo-dev-client:generateReleaseBuildConfig
[RUN_GRADLEW] > Task :expo-dev-client:javaPreCompileRelease
[RUN_GRADLEW] > Task :expo-dev-menu:checkKotlinGradlePluginConfigurationErrors SKIPPED
[RUN_GRADLEW] > Task :expo-dev-menu:generateReleaseBuildConfig
[RUN_GRADLEW] > Task :expo-dev-menu:javaPreCompileRelease
[RUN_GRADLEW] > Task :expo-dev-menu-interface:checkKotlinGradlePluginConfigurationErrors SKIPPED
[RUN_GRADLEW] > Task :expo-dev-menu-interface:generateReleaseBuildConfig
[RUN_GRADLEW] > Task :expo-dev-menu-interface:javaPreCompileRelease
[RUN_GRADLEW] > Task :expo-json-utils:checkKotlinGradlePluginConfigurationErrors SKIPPED
[RUN_GRADLEW] > Task :expo-json-utils:generateReleaseBuildConfig
[RUN_GRADLEW] > Task :expo-json-utils:javaPreCompileRelease
[RUN_GRADLEW] > Task :expo-log-box:checkKotlinGradlePluginConfigurationErrors SKIPPED
[RUN_GRADLEW] > Task :expo-dev-launcher:dataBindingMergeDependencyArtifactsRelease
[RUN_GRADLEW] > Task :expo-log-box:generateReleaseBuildConfig
[RUN_GRADLEW] > Task :expo-log-box:javaPreCompileRelease
[RUN_GRADLEW] > Task :expo-manifests:checkKotlinGradlePluginConfigurationErrors SKIPPED
[RUN_GRADLEW] > Task :expo-manifests:generateReleaseBuildConfig
[RUN_GRADLEW] > Task :expo-manifests:javaPreCompileRelease
[RUN_GRADLEW] > Task :expo-updates-interface:checkKotlinGradlePluginConfigurationErrors SKIPPED
[RUN_GRADLEW] > Task :expo-updates-interface:generateReleaseBuildConfig
[RUN_GRADLEW] > Task :expo-updates-interface:javaPreCompileRelease
[RUN_GRADLEW] > Task :expo:javaPreCompileRelease
[RUN_GRADLEW] > Task :expo-dev-launcher:dataBindingGenBaseClassesRelease
[RUN_GRADLEW] > Task :expo-dev-launcher:generateReleaseBuildConfig
[RUN_GRADLEW] > Task :react-native-worklets:bundleLibRuntimeToDirRelease
[RUN_GRADLEW] > Task :expo-dev-launcher:javaPreCompileRelease
[RUN_GRADLEW] > Task :react-native-async-storage_async-storage:generateReleaseBuildConfig
[RUN_GRADLEW] > Task :react-native-async-storage_async-storage:javaPreCompileRelease
[RUN_GRADLEW] > Task :react-native-community_slider:generateReleaseBuildConfig
[RUN_GRADLEW] > Task :react-native-community_slider:javaPreCompileRelease
[RUN_GRADLEW] > Task :react-native-async-storage_async-storage:compileReleaseJavaWithJavac
[RUN_GRADLEW] Note: Some input files use or override a deprecated API.
[RUN_GRADLEW] Note: Recompile with -Xlint:deprecation for details.
[RUN_GRADLEW] Note: /tmp/codespace/eas-build-local-nodejs/466b137c-d6b3-49b2-9872-6f9cbf8a678e/build/node_modules/@react-native-async-storage/async-storage/android/src/javaPackage/java/com/reactnativecommunity/asyncstorage/AsyncStoragePackage.java uses unchecked or unsafe operations.
[RUN_GRADLEW] Note: Recompile with -Xlint:unchecked for details.
[RUN_GRADLEW] > Task :react-native-async-storage_async-storage:bundleLibRuntimeToDirRelease
[RUN_GRADLEW] > Task :react-native-community_slider:compileReleaseJavaWithJavac
[RUN_GRADLEW] > Task :react-native-community_slider:bundleLibRuntimeToDirRelease
[RUN_GRADLEW] Note: Some input files use or override a deprecated API.
[RUN_GRADLEW] Note: Recompile with -Xlint:deprecation for details.
[RUN_GRADLEW] > Task :react-native-view-shot:generateReleaseBuildConfig
[RUN_GRADLEW] > Task :react-native-view-shot:javaPreCompileRelease
[RUN_GRADLEW] > Task :react-native-svg:bundleLibRuntimeToDirRelease
[RUN_GRADLEW] > Task :react-native-view-shot:compileReleaseJavaWithJavac
[RUN_GRADLEW] Note: Some input files use or override a deprecated API.
[RUN_GRADLEW] Note: Recompile with -Xlint:deprecation for details.
[RUN_GRADLEW] > Task :react-native-view-shot:bundleLibRuntimeToDirRelease
[RUN_GRADLEW] > Task :app:checkReleaseDuplicateClasses
[RUN_GRADLEW] > Task :app:buildKotlinToolingMetadata
[RUN_GRADLEW] > Task :app:checkKotlinGradlePluginConfigurationErrors
[RUN_GRADLEW] SKIPPED
[RUN_GRADLEW] > Task :app:generateReleaseBuildConfig
[RUN_GRADLEW] > Task :react-native-async-storage_async-storage:bundleLibCompileToJarRelease
[RUN_GRADLEW] > Task :react-native-community_slider:bundleLibCompileToJarRelease
[RUN_GRADLEW] > Task :react-native-gesture-handler:bundleLibCompileToJarRelease
[RUN_GRADLEW] > Task :react-native-google-mobile-ads:bundleLibCompileToJarRelease
[RUN_GRADLEW] > Task :react-native-safe-area-context:bundleLibCompileToJarRelease
[RUN_GRADLEW] > Task :react-native-view-shot:bundleLibCompileToJarRelease
[RUN_GRADLEW] > Task :react-native-webview:bundleLibCompileToJarRelease
[RUN_GRADLEW] > Task :app:javaPreCompileRelease
[RUN_GRADLEW] > Task :app:desugarReleaseFileDependencies
[RUN_GRADLEW] > Task :app:mergeReleaseStartupProfile
[RUN_GRADLEW] > Task :cosmo-gallery:mergeReleaseShaders
[RUN_GRADLEW] > Task :cosmo-gallery:compileReleaseShaders NO-SOURCE
[RUN_GRADLEW] > Task :cosmo-gallery:generateReleaseAssets UP-TO-DATE
[RUN_GRADLEW] > Task :cosmo-gallery:mergeReleaseAssets
[RUN_GRADLEW] > Task :expo:mergeReleaseShaders
[RUN_GRADLEW] > Task :expo:compileReleaseShaders NO-SOURCE
[RUN_GRADLEW] > Task :expo:generateReleaseAssets UP-TO-DATE
[RUN_GRADLEW] > Task :expo:mergeReleaseAssets
[RUN_GRADLEW] > Task :expo-constants:mergeReleaseShaders
[RUN_GRADLEW] > Task :app:mergeReleaseShaders
[RUN_GRADLEW] > Task :app:compileReleaseShaders NO-SOURCE
[RUN_GRADLEW] > Task :app:generateReleaseAssets UP-TO-DATE
[RUN_GRADLEW] > Task :expo-constants:compileReleaseShaders NO-SOURCE
[RUN_GRADLEW] > Task :expo-constants:generateReleaseAssets UP-TO-DATE
[RUN_GRADLEW] > Task :expo-constants:mergeReleaseAssets
[RUN_GRADLEW] > Task :expo-dev-client:mergeReleaseShaders
[RUN_GRADLEW] > Task :expo-dev-client:compileReleaseShaders NO-SOURCE
[RUN_GRADLEW] > Task :expo-dev-client:generateReleaseAssets UP-TO-DATE
[RUN_GRADLEW] > Task :expo-dev-client:mergeReleaseAssets
[RUN_GRADLEW] > Task :expo-dev-launcher:mergeReleaseShaders
[RUN_GRADLEW] > Task :expo-dev-launcher:compileReleaseShaders NO-SOURCE
[RUN_GRADLEW] > Task :expo-dev-launcher:generateReleaseAssets UP-TO-DATE
[RUN_GRADLEW] > Task :expo-dev-launcher:mergeReleaseAssets
[RUN_GRADLEW] > Task :expo-dev-menu:mergeReleaseShaders
[RUN_GRADLEW] > Task :expo-dev-menu:compileReleaseShaders NO-SOURCE
[RUN_GRADLEW] > Task :expo-dev-menu:generateReleaseAssets UP-TO-DATE
[RUN_GRADLEW] > Task :expo-dev-menu:mergeReleaseAssets
[RUN_GRADLEW] > Task :expo-dev-menu-interface:mergeReleaseShaders
[RUN_GRADLEW] > Task :expo-dev-menu-interface:compileReleaseShaders NO-SOURCE
[RUN_GRADLEW] > Task :expo-dev-menu-interface:generateReleaseAssets UP-TO-DATE
[RUN_GRADLEW] > Task :expo-dev-menu-interface:mergeReleaseAssets
[RUN_GRADLEW] > Task :expo-json-utils:mergeReleaseShaders
[RUN_GRADLEW] > Task :expo-json-utils:compileReleaseShaders NO-SOURCE
[RUN_GRADLEW] > Task :expo-json-utils:generateReleaseAssets UP-TO-DATE
[RUN_GRADLEW] > Task :expo-json-utils:mergeReleaseAssets
[RUN_GRADLEW] > Task :expo-log-box:mergeReleaseShaders
[RUN_GRADLEW] > Task :expo-log-box:compileReleaseShaders NO-SOURCE
[RUN_GRADLEW] > Task :expo-log-box:generateReleaseAssets UP-TO-DATE
[RUN_GRADLEW] > Task :expo-log-box:mergeReleaseAssets
[RUN_GRADLEW] > Task :expo-manifests:mergeReleaseShaders
[RUN_GRADLEW] > Task :expo-manifests:compileReleaseShaders NO-SOURCE
[RUN_GRADLEW] > Task :expo-manifests:generateReleaseAssets UP-TO-DATE
[RUN_GRADLEW] > Task :expo-manifests:mergeReleaseAssets
[RUN_GRADLEW] > Task :expo-modules-core:mergeReleaseShaders
[RUN_GRADLEW] > Task :expo-modules-core:compileReleaseShaders NO-SOURCE
[RUN_GRADLEW] > Task :expo-modules-core:generateReleaseAssets UP-TO-DATE
[RUN_GRADLEW] > Task :expo-modules-core:mergeReleaseAssets
[RUN_GRADLEW] > Task :expo-updates-interface:mergeReleaseShaders
[RUN_GRADLEW] > Task :expo-updates-interface:compileReleaseShaders NO-SOURCE
[RUN_GRADLEW] > Task :expo-updates-interface:generateReleaseAssets UP-TO-DATE
[RUN_GRADLEW] > Task :expo-updates-interface:mergeReleaseAssets
[RUN_GRADLEW] > Task :react-native-async-storage_async-storage:mergeReleaseShaders
[RUN_GRADLEW] > Task :react-native-async-storage_async-storage:compileReleaseShaders NO-SOURCE
[RUN_GRADLEW] > Task :react-native-async-storage_async-storage:generateReleaseAssets UP-TO-DATE
[RUN_GRADLEW] > Task :react-native-async-storage_async-storage:mergeReleaseAssets
[RUN_GRADLEW] > Task :react-native-community_slider:mergeReleaseShaders
[RUN_GRADLEW] > Task :react-native-community_slider:compileReleaseShaders NO-SOURCE
[RUN_GRADLEW] > Task :react-native-community_slider:generateReleaseAssets UP-TO-DATE
[RUN_GRADLEW] > Task :react-native-community_slider:mergeReleaseAssets
[RUN_GRADLEW] > Task :react-native-gesture-handler:mergeReleaseShaders
[RUN_GRADLEW] > Task :react-native-gesture-handler:compileReleaseShaders NO-SOURCE
[RUN_GRADLEW] > Task :react-native-gesture-handler:generateReleaseAssets UP-TO-DATE
[RUN_GRADLEW] > Task :react-native-gesture-handler:mergeReleaseAssets
[RUN_GRADLEW] > Task :react-native-google-mobile-ads:mergeReleaseShaders
[RUN_GRADLEW] > Task :react-native-google-mobile-ads:compileReleaseShaders NO-SOURCE
[RUN_GRADLEW] > Task :react-native-google-mobile-ads:generateReleaseAssets UP-TO-DATE
[RUN_GRADLEW] > Task :react-native-google-mobile-ads:mergeReleaseAssets
[RUN_GRADLEW] > Task :react-native-reanimated:mergeReleaseShaders
[RUN_GRADLEW] > Task :react-native-reanimated:compileReleaseShaders NO-SOURCE
[RUN_GRADLEW] > Task :react-native-reanimated:generateReleaseAssets UP-TO-DATE
[RUN_GRADLEW] > Task :react-native-reanimated:mergeReleaseAssets
[RUN_GRADLEW] > Task :react-native-safe-area-context:mergeReleaseShaders
[RUN_GRADLEW] > Task :react-native-safe-area-context:compileReleaseShaders NO-SOURCE
[RUN_GRADLEW] > Task :react-native-safe-area-context:generateReleaseAssets UP-TO-DATE
[RUN_GRADLEW] > Task :react-native-safe-area-context:mergeReleaseAssets
[RUN_GRADLEW] > Task :react-native-svg:mergeReleaseShaders
[RUN_GRADLEW] > Task :react-native-svg:compileReleaseShaders NO-SOURCE
[RUN_GRADLEW] > Task :react-native-svg:generateReleaseAssets UP-TO-DATE
[RUN_GRADLEW] > Task :react-native-svg:mergeReleaseAssets
[RUN_GRADLEW] > Task :react-native-view-shot:mergeReleaseShaders
[RUN_GRADLEW] > Task :react-native-view-shot:compileReleaseShaders NO-SOURCE
[RUN_GRADLEW] > Task :react-native-view-shot:generateReleaseAssets UP-TO-DATE
[RUN_GRADLEW] > Task :react-native-view-shot:mergeReleaseAssets
[RUN_GRADLEW] > Task :react-native-webview:mergeReleaseShaders
[RUN_GRADLEW] > Task :react-native-webview:compileReleaseShaders NO-SOURCE
[RUN_GRADLEW] > Task :react-native-webview:generateReleaseAssets UP-TO-DATE
[RUN_GRADLEW] > Task :react-native-webview:mergeReleaseAssets
[RUN_GRADLEW] > Task :react-native-worklets:mergeReleaseShaders
[RUN_GRADLEW] > Task :react-native-worklets:compileReleaseShaders NO-SOURCE
[RUN_GRADLEW] > Task :react-native-worklets:generateReleaseAssets UP-TO-DATE
[RUN_GRADLEW] > Task :react-native-worklets:mergeReleaseAssets
[RUN_GRADLEW] > Task :app:mergeReleaseAssets
[RUN_GRADLEW] > Task :react-native-gesture-handler:bundleLibRuntimeToJarRelease
[RUN_GRADLEW] > Task :app:mergeExtDexRelease
[RUN_GRADLEW] > Task :react-native-google-mobile-ads:bundleLibRuntimeToJarRelease
[RUN_GRADLEW] > Task :expo-modules-core:compileReleaseKotlin
[RUN_GRADLEW] > Task :react-native-reanimated:bundleLibRuntimeToJarRelease
[RUN_GRADLEW] > Task :react-native-safe-area-context:bundleLibRuntimeToJarRelease
[RUN_GRADLEW] > Task :react-native-webview:bundleLibRuntimeToJarRelease
[RUN_GRADLEW] > Task :react-native-worklets:bundleLibRuntimeToJarRelease
[RUN_GRADLEW] > Task :react-native-async-storage_async-storage:bundleLibRuntimeToJarRelease
[RUN_GRADLEW] > Task :react-native-community_slider:bundleLibRuntimeToJarRelease
[RUN_GRADLEW] > Task :react-native-svg:bundleLibRuntimeToJarRelease
[RUN_GRADLEW] > Task :react-native-view-shot:bundleLibRuntimeToJarRelease
[RUN_GRADLEW] > Task :react-native-async-storage_async-storage:processReleaseJavaRes NO-SOURCE
[RUN_GRADLEW] > Task :react-native-community_slider:processReleaseJavaRes NO-SOURCE
[RUN_GRADLEW] > Task :react-native-gesture-handler:processReleaseJavaRes
[RUN_GRADLEW] > Task :react-native-google-mobile-ads:processReleaseJavaRes
[RUN_GRADLEW] > Task :react-native-reanimated:processReleaseJavaRes
[RUN_GRADLEW] > Task :react-native-safe-area-context:processReleaseJavaRes
[RUN_GRADLEW] > Task :react-native-svg:processReleaseJavaRes NO-SOURCE
[RUN_GRADLEW] > Task :react-native-view-shot:processReleaseJavaRes NO-SOURCE
[RUN_GRADLEW] > Task :react-native-webview:processReleaseJavaRes
[RUN_GRADLEW] > Task :react-native-worklets:processReleaseJavaRes
[RUN_GRADLEW] > Task :app:mergeReleaseJniLibFolders
[RUN_GRADLEW] > Task :cosmo-gallery:mergeReleaseJniLibFolders
[RUN_GRADLEW] > Task :cosmo-gallery:mergeReleaseNativeLibs NO-SOURCE
[RUN_GRADLEW] > Task :cosmo-gallery:copyReleaseJniLibsProjectOnly
[RUN_GRADLEW] > Task :expo:mergeReleaseJniLibFolders
[RUN_GRADLEW] > Task :expo:mergeReleaseNativeLibs NO-SOURCE
[RUN_GRADLEW] > Task :expo:copyReleaseJniLibsProjectOnly
[RUN_GRADLEW] > Task :expo-constants:mergeReleaseJniLibFolders
[RUN_GRADLEW] > Task :expo-constants:mergeReleaseNativeLibs NO-SOURCE
[RUN_GRADLEW] > Task :expo-constants:copyReleaseJniLibsProjectOnly
[RUN_GRADLEW] > Task :expo-dev-client:mergeReleaseJniLibFolders
[RUN_GRADLEW] > Task :expo-dev-client:mergeReleaseNativeLibs NO-SOURCE
[RUN_GRADLEW] > Task :expo-dev-client:copyReleaseJniLibsProjectOnly
[RUN_GRADLEW] > Task :expo-dev-launcher:mergeReleaseJniLibFolders
[RUN_GRADLEW] > Task :expo-dev-launcher:mergeReleaseNativeLibs NO-SOURCE
[RUN_GRADLEW] > Task :expo-dev-launcher:copyReleaseJniLibsProjectOnly
[RUN_GRADLEW] > Task :expo-dev-menu:mergeReleaseJniLibFolders
[RUN_GRADLEW] > Task :expo-dev-menu:mergeReleaseNativeLibs NO-SOURCE
[RUN_GRADLEW] > Task :expo-dev-menu:copyReleaseJniLibsProjectOnly
[RUN_GRADLEW] > Task :expo-dev-menu-interface:mergeReleaseJniLibFolders
[RUN_GRADLEW] > Task :expo-dev-menu-interface:mergeReleaseNativeLibs NO-SOURCE
[RUN_GRADLEW] > Task :expo-dev-menu-interface:copyReleaseJniLibsProjectOnly
[RUN_GRADLEW] > Task :expo-json-utils:mergeReleaseJniLibFolders
[RUN_GRADLEW] > Task :expo-json-utils:mergeReleaseNativeLibs NO-SOURCE
[RUN_GRADLEW] > Task :expo-json-utils:copyReleaseJniLibsProjectOnly
[RUN_GRADLEW] > Task :expo-log-box:mergeReleaseJniLibFolders
[RUN_GRADLEW] > Task :expo-log-box:mergeReleaseNativeLibs NO-SOURCE
[RUN_GRADLEW] > Task :expo-log-box:copyReleaseJniLibsProjectOnly
[RUN_GRADLEW] > Task :expo-manifests:mergeReleaseJniLibFolders
[RUN_GRADLEW] > Task :expo-manifests:mergeReleaseNativeLibs NO-SOURCE
[RUN_GRADLEW] > Task :expo-manifests:copyReleaseJniLibsProjectOnly
[RUN_GRADLEW] > Task :expo-modules-core:mergeReleaseJniLibFolders
[RUN_GRADLEW] > Task :expo-updates-interface:mergeReleaseJniLibFolders
[RUN_GRADLEW] > Task :expo-updates-interface:mergeReleaseNativeLibs NO-SOURCE
[RUN_GRADLEW] > Task :expo-updates-interface:copyReleaseJniLibsProjectOnly
[RUN_GRADLEW] > Task :react-native-async-storage_async-storage:mergeReleaseJniLibFolders
[RUN_GRADLEW] > Task :react-native-async-storage_async-storage:mergeReleaseNativeLibs NO-SOURCE
[RUN_GRADLEW] > Task :react-native-async-storage_async-storage:copyReleaseJniLibsProjectOnly
[RUN_GRADLEW] > Task :react-native-community_slider:mergeReleaseJniLibFolders
[RUN_GRADLEW] > Task :react-native-community_slider:mergeReleaseNativeLibs NO-SOURCE
[RUN_GRADLEW] > Task :react-native-community_slider:copyReleaseJniLibsProjectOnly
[RUN_GRADLEW] > Task :react-native-gesture-handler:mergeReleaseJniLibFolders
[RUN_GRADLEW] > Task :react-native-google-mobile-ads:mergeReleaseJniLibFolders
[RUN_GRADLEW] > Task :react-native-google-mobile-ads:mergeReleaseNativeLibs NO-SOURCE
[RUN_GRADLEW] > Task :react-native-google-mobile-ads:copyReleaseJniLibsProjectOnly
[RUN_GRADLEW] > Task :react-native-reanimated:mergeReleaseJniLibFolders
[RUN_GRADLEW] > Task :react-native-safe-area-context:mergeReleaseJniLibFolders
[RUN_GRADLEW] > Task :react-native-safe-area-context:mergeReleaseNativeLibs NO-SOURCE
[RUN_GRADLEW] > Task :react-native-safe-area-context:copyReleaseJniLibsProjectOnly
[RUN_GRADLEW] > Task :react-native-svg:mergeReleaseJniLibFolders
[RUN_GRADLEW] > Task :react-native-svg:mergeReleaseNativeLibs NO-SOURCE
[RUN_GRADLEW] > Task :react-native-svg:copyReleaseJniLibsProjectOnly
[RUN_GRADLEW] > Task :react-native-view-shot:mergeReleaseJniLibFolders
[RUN_GRADLEW] > Task :react-native-view-shot:mergeReleaseNativeLibs NO-SOURCE
[RUN_GRADLEW] > Task :react-native-view-shot:copyReleaseJniLibsProjectOnly
[RUN_GRADLEW] > Task :react-native-webview:mergeReleaseJniLibFolders
[RUN_GRADLEW] > Task :react-native-webview:mergeReleaseNativeLibs NO-SOURCE
[RUN_GRADLEW] > Task :react-native-webview:copyReleaseJniLibsProjectOnly
[RUN_GRADLEW] > Task :app:writeReleaseAppMetadata
[RUN_GRADLEW] > Task :cosmo-gallery:prepareReleaseArtProfile
[RUN_GRADLEW] > Task :expo:prepareReleaseArtProfile
[RUN_GRADLEW] > Task :expo-constants:prepareReleaseArtProfile
[RUN_GRADLEW] > Task :expo-dev-client:prepareReleaseArtProfile
[RUN_GRADLEW] > Task :expo-dev-launcher:prepareReleaseArtProfile
[RUN_GRADLEW] > Task :expo-dev-menu:prepareReleaseArtProfile
[RUN_GRADLEW] > Task :expo-dev-menu-interface:prepareReleaseArtProfile
[RUN_GRADLEW] > Task :expo-json-utils:prepareReleaseArtProfile
[RUN_GRADLEW] > Task :expo-log-box:prepareReleaseArtProfile
[RUN_GRADLEW] > Task :expo-manifests:prepareReleaseArtProfile
[RUN_GRADLEW] > Task :expo-modules-core:prepareReleaseArtProfile
[RUN_GRADLEW] > Task :expo-updates-interface:prepareReleaseArtProfile
[RUN_GRADLEW] > Task :react-native-async-storage_async-storage:prepareReleaseArtProfile
[RUN_GRADLEW] > Task :react-native-community_slider:prepareReleaseArtProfile
[RUN_GRADLEW] > Task :react-native-gesture-handler:prepareReleaseArtProfile
[RUN_GRADLEW] > Task :react-native-google-mobile-ads:prepareReleaseArtProfile
[RUN_GRADLEW] > Task :react-native-reanimated:prepareReleaseArtProfile
[RUN_GRADLEW] > Task :react-native-safe-area-context:prepareReleaseArtProfile
[RUN_GRADLEW] > Task :react-native-svg:prepareReleaseArtProfile
[RUN_GRADLEW] > Task :react-native-view-shot:prepareReleaseArtProfile
[RUN_GRADLEW] > Task :react-native-webview:prepareReleaseArtProfile
[RUN_GRADLEW] > Task :expo-modules-core:compileReleaseKotlin
[RUN_GRADLEW] w: file:///tmp/codespace/eas-build-local-nodejs/466b137c-d6b3-49b2-9872-6f9cbf8a678e/build/node_modules/expo-modules-core/android/src/main/java/expo/modules/apploader/AppLoaderProvider.kt:34:52 Unchecked cast of 'Class<*>!' to 'Class<out HeadlessAppLoader>'.
[RUN_GRADLEW] w: file:///tmp/codespace/eas-build-local-nodejs/466b137c-d6b3-49b2-9872-6f9cbf8a678e/build/node_modules/expo-modules-core/android/src/main/java/expo/modules/kotlin/AppContext.kt:14:8 'class UIManagerModule : ReactContextBaseJavaModule, LifecycleEventListener, UIManager' is deprecated. Deprecated in Java.
[RUN_GRADLEW] w: file:///tmp/codespace/eas-build-local-nodejs/466b137c-d6b3-49b2-9872-6f9cbf8a678e/build/node_modules/expo-modules-core/android/src/main/java/expo/modules/kotlin/AppContext.kt:22:8 'typealias ErrorManagerModule = JSLoggerModule' is deprecated. Use JSLoggerModule instead.
[RUN_GRADLEW] w: file:///tmp/codespace/eas-build-local-nodejs/466b137c-d6b3-49b2-9872-6f9cbf8a678e/build/node_modules/expo-modules-core/android/src/main/java/expo/modules/kotlin/AppContext.kt:61:13 'val hostingRuntimeContext: MainRuntime' is deprecated. Use AppContext.runtimeContext instead.
[RUN_GRADLEW] w: file:///tmp/codespace/eas-build-local-nodejs/466b137c-d6b3-49b2-9872-6f9cbf8a678e/build/node_modules/expo-modules-core/android/src/main/java/expo/modules/kotlin/AppContext.kt:271:21 'typealias ErrorManagerModule = JSLoggerModule' is deprecated. Use JSLoggerModule instead.
[RUN_GRADLEW] w: file:///tmp/codespace/eas-build-local-nodejs/466b137c-d6b3-49b2-9872-6f9cbf8a678e/build/node_modules/expo-modules-core/android/src/main/java/expo/modules/kotlin/AppContext.kt:380:21 'val DEFAULT: Int' is deprecated. UIManagerType.DEFAULT will be deleted in the next release of React Native. Use [LEGACY] instead.
[RUN_GRADLEW] w: file:///tmp/codespace/eas-build-local-nodejs/466b137c-d6b3-49b2-9872-6f9cbf8a678e/build/node_modules/expo-modules-core/android/src/main/java/expo/modules/kotlin/AppContext.kt:381:10 'class UIManagerModule : ReactContextBaseJavaModule, LifecycleEventListener, UIManager' is deprecated. Deprecated in Java.
[RUN_GRADLEW] w: file:///tmp/codespace/eas-build-local-nodejs/466b137c-d6b3-49b2-9872-6f9cbf8a678e/build/node_modules/expo-modules-core/android/src/main/java/expo/modules/kotlin/defaultmodules/NativeModulesProxyModule.kt:16:5 'fun Constants(legacyConstantsProvider: () -> Map<String, Any?>): Unit' is deprecated. Use `Constant` or `Property` instead.
[RUN_GRADLEW] w: file:///tmp/codespace/eas-build-local-nodejs/466b137c-d6b3-49b2-9872-6f9cbf8a678e/build/node_modules/expo-modules-core/android/src/main/java/expo/modules/kotlin/events/KModuleEventEmitterWrapper.kt:99:21 'fun getEventDispatcherForReactTag(context: ReactContext, reactTag: Int): EventDispatcher?' is deprecated. reactTag is no longer needed.
[RUN_GRADLEW] w: file:///tmp/codespace/eas-build-local-nodejs/466b137c-d6b3-49b2-9872-6f9cbf8a678e/build/node_modules/expo-modules-core/android/src/main/java/expo/modules/kotlin/events/KModuleEventEmitterWrapper.kt:108:21 'fun getEventDispatcherForReactTag(context: ReactContext, reactTag: Int): EventDispatcher?' is deprecated. reactTag is no longer needed.
[RUN_GRADLEW] w: file:///tmp/codespace/eas-build-local-nodejs/466b137c-d6b3-49b2-9872-6f9cbf8a678e/build/node_modules/expo-modules-core/android/src/main/java/expo/modules/kotlin/views/ViewDefinitionBuilder.kt:470:16 'val errorManager: JSLoggerModule?' is deprecated. Use AppContext.jsLogger instead.
[RUN_GRADLEW] w: file:///tmp/codespace/eas-build-local-nodejs/466b137c-d6b3-49b2-9872-6f9cbf8a678e/build/node_modules/expo-modules-core/android/src/main/java/expo/modules/kotlin/views/ViewDefinitionBuilder.kt:470:30 'fun reportExceptionToLogBox(codedException: CodedException): Unit' is deprecated. Use appContext.jsLogger.error(...) instead.
[RUN_GRADLEW] w: file:///tmp/codespace/eas-build-local-nodejs/466b137c-d6b3-49b2-9872-6f9cbf8a678e/build/node_modules/expo-modules-core/android/src/main/java/expo/modules/kotlin/views/ViewManagerDefinition.kt:41:16 'val errorManager: JSLoggerModule?' is deprecated. Use AppContext.jsLogger instead.
[RUN_GRADLEW] w: file:///tmp/codespace/eas-build-local-nodejs/466b137c-d6b3-49b2-9872-6f9cbf8a678e/build/node_modules/expo-modules-core/android/src/main/java/expo/modules/kotlin/views/ViewManagerDefinition.kt:41:30 'fun reportExceptionToLogBox(codedException: CodedException): Unit' is deprecated. Use appContext.jsLogger.error(...) instead.
[RUN_GRADLEW] > Task :expo-modules-core:compileReleaseJavaWithJavac
[RUN_GRADLEW] Note: Some input files use or override a deprecated API.
[RUN_GRADLEW] Note: Recompile with -Xlint:deprecation for details.
[RUN_GRADLEW] > Task :expo-modules-core:bundleLibCompileToJarRelease
[RUN_GRADLEW] > Task :react-native-worklets:configureCMakeRelWithDebInfo[arm64-v8a]
[RUN_GRADLEW] > Task :cosmo-gallery:compileReleaseKotlin
[RUN_GRADLEW] > Task :cosmo-gallery:compileReleaseJavaWithJavac
[RUN_GRADLEW] > Task :cosmo-gallery:bundleLibCompileToJarRelease
[RUN_GRADLEW] > Task :expo-dev-client:compileReleaseKotlin NO-SOURCE
[RUN_GRADLEW] > Task :app:collectReleaseDependencies
[RUN_GRADLEW] > Task :expo-dev-client:compileReleaseJavaWithJavac
[RUN_GRADLEW] > Task :expo-dev-client:bundleLibCompileToJarRelease
[RUN_GRADLEW] > Task :expo-constants:compileReleaseKotlin
[RUN_GRADLEW] w: file:///tmp/codespace/eas-build-local-nodejs/466b137c-d6b3-49b2-9872-6f9cbf8a678e/build/node_modules/expo-constants/android/src/main/java/expo/modules/constants/ConstantsModule.kt:13:5 'fun Constants(legacyConstantsProvider: () -> Map<String, Any?>): Unit' is deprecated. Use `Constant` or `Property` instead.
[RUN_GRADLEW] > Task :expo-constants:compileReleaseJavaWithJavac
[RUN_GRADLEW] > Task :expo-constants:bundleLibCompileToJarRelease
[RUN_GRADLEW] > Task :expo-dev-menu-interface:compileReleaseKotlin NO-SOURCE
[RUN_GRADLEW] > Task :expo-dev-menu-interface:compileReleaseJavaWithJavac
[RUN_GRADLEW] > Task :expo-dev-menu-interface:bundleLibCompileToJarRelease
[RUN_GRADLEW] > Task :expo-dev-menu:compileReleaseKotlin
[RUN_GRADLEW] > Task :expo-dev-launcher:compileReleaseKotlin
[RUN_GRADLEW] w: file:///tmp/codespace/eas-build-local-nodejs/466b137c-d6b3-49b2-9872-6f9cbf8a678e/build/node_modules/expo-dev-launcher/android/src/main/java/expo/modules/devlauncher/DevLauncherPackage.kt:15:16 This declaration overrides a deprecated member but is not marked as deprecated itself. Add the '@Deprecated' annotation or suppress the diagnostic.
[RUN_GRADLEW] > Task :expo-json-utils:compileReleaseKotlin
[RUN_GRADLEW] > Task :expo-dev-menu:compileReleaseJavaWithJavac
[RUN_GRADLEW] > Task :expo-dev-launcher:compileReleaseJavaWithJavac
[RUN_GRADLEW] > Task :expo-dev-menu:bundleLibCompileToJarRelease
[RUN_GRADLEW] > Task :expo-dev-launcher:bundleLibCompileToJarRelease
[RUN_GRADLEW] > Task :expo-json-utils:compileReleaseJavaWithJavac
[RUN_GRADLEW] > Task :expo-json-utils:bundleLibCompileToJarRelease
[RUN_GRADLEW] > Task :expo-updates-interface:compileReleaseKotlin
[RUN_GRADLEW] > Task :expo-updates-interface:compileReleaseJavaWithJavac
[RUN_GRADLEW] > Task :expo-updates-interface:bundleLibCompileToJarRelease
[RUN_GRADLEW] > Task :expo-modules-core:bundleLibRuntimeToDirRelease
[RUN_GRADLEW] > Task :expo-manifests:compileReleaseKotlin
[RUN_GRADLEW] w: file:///tmp/codespace/eas-build-local-nodejs/466b137c-d6b3-49b2-9872-6f9cbf8a678e/build/node_modules/expo-manifests/android/src/main/java/expo/modules/manifests/core/EmbeddedManifest.kt:19:16 This declaration overrides a deprecated member but is not marked as deprecated itself. Add the '@Deprecated' annotation or suppress the diagnostic.
[RUN_GRADLEW] w: file:///tmp/codespace/eas-build-local-nodejs/466b137c-d6b3-49b2-9872-6f9cbf8a678e/build/node_modules/expo-manifests/android/src/main/java/expo/modules/manifests/core/EmbeddedManifest.kt:19:86 'fun getLegacyID(): String' is deprecated. Prefer scopeKey or projectId depending on use case.
[RUN_GRADLEW] w: file:///tmp/codespace/eas-build-local-nodejs/466b137c-d6b3-49b2-9872-6f9cbf8a678e/build/node_modules/expo-manifests/android/src/main/java/expo/modules/manifests/core/ExpoUpdatesManifest.kt:16:16 This declaration overrides a deprecated member but is not marked as deprecated itself. Add the '@Deprecated' annotation or suppress the diagnostic.
[RUN_GRADLEW] w: file:///tmp/codespace/eas-build-local-nodejs/466b137c-d6b3-49b2-9872-6f9cbf8a678e/build/node_modules/expo-manifests/android/src/main/java/expo/modules/manifests/core/Manifest.kt:13:3 Deprecations and opt-ins on a method overridden from 'Any' may not be reported.
[RUN_GRADLEW] w: file:///tmp/codespace/eas-build-local-nodejs/466b137c-d6b3-49b2-9872-6f9cbf8a678e/build/node_modules/expo-manifests/android/src/main/java/expo/modules/manifests/core/Manifest.kt:15:12 'fun getRawJson(): JSONObject' is deprecated. Prefer to use specific field getters.
[RUN_GRADLEW] > Task :expo-manifests:compileReleaseJavaWithJavac
[RUN_GRADLEW] > Task :expo-manifests:bundleLibCompileToJarRelease
[RUN_GRADLEW] > Task :expo-dev-launcher:bundleLibRuntimeToDirRelease
[RUN_GRADLEW] > Task :expo-dev-menu-interface:bundleLibRuntimeToDirRelease
[RUN_GRADLEW] > Task :cosmo-gallery:bundleLibRuntimeToDirRelease
[RUN_GRADLEW] > Task :expo-constants:bundleLibRuntimeToDirRelease
[RUN_GRADLEW] > Task :expo-dev-client:bundleLibRuntimeToDirRelease
[RUN_GRADLEW] > Task :expo-dev-menu:bundleLibRuntimeToDirRelease
[RUN_GRADLEW] > Task :expo-manifests:bundleLibRuntimeToDirRelease
[RUN_GRADLEW] > Task :expo-json-utils:bundleLibRuntimeToDirRelease
[RUN_GRADLEW] > Task :expo-updates-interface:bundleLibRuntimeToDirRelease
[RUN_GRADLEW] > Task :expo-modules-core:bundleLibRuntimeToJarRelease
[RUN_GRADLEW] > Task :expo-log-box:compileReleaseKotlin
[RUN_GRADLEW] > Task :expo-log-box:compileReleaseJavaWithJavac
[RUN_GRADLEW] > Task :expo-log-box:bundleLibCompileToJarRelease
[RUN_GRADLEW] > Task :expo-log-box:bundleLibRuntimeToDirRelease
[RUN_GRADLEW] > Task :expo-log-box:bundleLibRuntimeToJarRelease
[RUN_GRADLEW] > Task :expo-dev-launcher:bundleLibRuntimeToJarRelease
[RUN_GRADLEW] > Task :expo-dev-menu-interface:bundleLibRuntimeToJarRelease
[RUN_GRADLEW] > Task :cosmo-gallery:bundleLibRuntimeToJarRelease
[RUN_GRADLEW] > Task :expo-constants:bundleLibRuntimeToJarRelease
[RUN_GRADLEW] > Task :expo-dev-client:bundleLibRuntimeToJarRelease
[RUN_GRADLEW] > Task :expo-dev-menu:bundleLibRuntimeToJarRelease
[RUN_GRADLEW] > Task :expo-manifests:bundleLibRuntimeToJarRelease
[RUN_GRADLEW] > Task :expo-json-utils:bundleLibRuntimeToJarRelease
[RUN_GRADLEW] > Task :expo-updates-interface:bundleLibRuntimeToJarRelease
[RUN_GRADLEW] > Task :cosmo-gallery:processReleaseJavaRes
[RUN_GRADLEW] > Task :expo-constants:processReleaseJavaRes
[RUN_GRADLEW] > Task :expo-dev-client:processReleaseJavaRes NO-SOURCE
[RUN_GRADLEW] > Task :expo-dev-launcher:processReleaseJavaRes
[RUN_GRADLEW] > Task :expo-dev-menu:processReleaseJavaRes
[RUN_GRADLEW] > Task :expo-dev-menu-interface:processReleaseJavaRes NO-SOURCE
[RUN_GRADLEW] > Task :expo-json-utils:processReleaseJavaRes
[RUN_GRADLEW] > Task :expo-log-box:processReleaseJavaRes
[RUN_GRADLEW] > Task :expo-manifests:processReleaseJavaRes
[RUN_GRADLEW] > Task :expo-modules-core:processReleaseJavaRes
[RUN_GRADLEW] > Task :expo-updates-interface:processReleaseJavaRes
[RUN_GRADLEW] > Task :app:configureReleaseDependencies
[RUN_GRADLEW] > Task :app:extractProguardFiles
[RUN_GRADLEW] > Task :cosmo-gallery:createFullJarRelease
[RUN_GRADLEW] > Task :cosmo-gallery:extractProguardFiles
[RUN_GRADLEW] > Task :expo-modules-core:createFullJarRelease
[RUN_GRADLEW] > Task :expo-modules-core:extractProguardFiles
[RUN_GRADLEW] > Task :expo-modules-core:prepareLintJarForPublish
[RUN_GRADLEW] > Task :cosmo-gallery:prepareLintJarForPublish
[RUN_GRADLEW] > Task :expo:extractProguardFiles
[RUN_GRADLEW] > Task :expo-constants:createFullJarRelease
[RUN_GRADLEW] > Task :expo-constants:extractProguardFiles
[RUN_GRADLEW] > Task :expo-constants:prepareLintJarForPublish
[RUN_GRADLEW] > Task :expo-dev-client:createFullJarRelease
[RUN_GRADLEW] > Task :expo-dev-client:extractProguardFiles
[RUN_GRADLEW] > Task :expo-dev-client:prepareLintJarForPublish
[RUN_GRADLEW] > Task :expo-dev-launcher:createFullJarRelease
[RUN_GRADLEW] > Task :expo-dev-launcher:extractProguardFiles
[RUN_GRADLEW] > Task :expo-dev-launcher:prepareLintJarForPublish
[RUN_GRADLEW] > Task :expo-dev-menu:createFullJarRelease
[RUN_GRADLEW] > Task :expo-dev-menu:extractProguardFiles
[RUN_GRADLEW] > Task :expo-dev-menu:prepareLintJarForPublish
[RUN_GRADLEW] > Task :expo-dev-menu-interface:createFullJarRelease
[RUN_GRADLEW] > Task :expo-dev-menu-interface:extractProguardFiles
[RUN_GRADLEW] > Task :expo-dev-menu-interface:prepareLintJarForPublish
[RUN_GRADLEW] > Task :expo-json-utils:createFullJarRelease
[RUN_GRADLEW] > Task :expo-json-utils:extractProguardFiles
[RUN_GRADLEW] > Task :expo-json-utils:prepareLintJarForPublish
[RUN_GRADLEW] > Task :expo-log-box:createFullJarRelease
[RUN_GRADLEW] > Task :expo-log-box:extractProguardFiles
[RUN_GRADLEW] > Task :expo-log-box:prepareLintJarForPublish
[RUN_GRADLEW] > Task :expo-manifests:createFullJarRelease
[RUN_GRADLEW] > Task :expo-manifests:extractProguardFiles
[RUN_GRADLEW] > Task :expo-manifests:prepareLintJarForPublish
[RUN_GRADLEW] > Task :expo-updates-interface:createFullJarRelease
[RUN_GRADLEW] > Task :expo-updates-interface:extractProguardFiles
[RUN_GRADLEW] > Task :expo-updates-interface:prepareLintJarForPublish
[RUN_GRADLEW] > Task :expo:prepareLintJarForPublish
[RUN_GRADLEW] > Task :react-native-async-storage_async-storage:createFullJarRelease
[RUN_GRADLEW] > Task :react-native-async-storage_async-storage:extractProguardFiles
[RUN_GRADLEW] > Task :react-native-async-storage_async-storage:generateReleaseLintModel
[RUN_GRADLEW] > Task :react-native-async-storage_async-storage:prepareLintJarForPublish
[RUN_GRADLEW] > Task :react-native-community_slider:createFullJarRelease
[RUN_GRADLEW] > Task :react-native-community_slider:extractProguardFiles
[RUN_GRADLEW] > Task :react-native-community_slider:generateReleaseLintModel
[RUN_GRADLEW] > Task :react-native-community_slider:prepareLintJarForPublish
[RUN_GRADLEW] > Task :react-native-gesture-handler:createFullJarRelease
[RUN_GRADLEW] > Task :react-native-gesture-handler:extractProguardFiles
[RUN_GRADLEW] > Task :react-native-reanimated:createFullJarRelease
[RUN_GRADLEW] > Task :react-native-reanimated:extractProguardFiles
[RUN_GRADLEW] > Task :react-native-reanimated:prepareLintJarForPublish
[RUN_GRADLEW] > Task :react-native-svg:createFullJarRelease
[RUN_GRADLEW] > Task :react-native-svg:extractProguardFiles
[RUN_GRADLEW] > Task :react-native-svg:generateReleaseLintModel
[RUN_GRADLEW] > Task :react-native-svg:prepareLintJarForPublish
[RUN_GRADLEW] > Task :react-native-gesture-handler:prepareLintJarForPublish
[RUN_GRADLEW] > Task :react-native-google-mobile-ads:createFullJarRelease
[RUN_GRADLEW] > Task :react-native-google-mobile-ads:extractProguardFiles
[RUN_GRADLEW] > Task :react-native-google-mobile-ads:generateReleaseLintModel
[RUN_GRADLEW] > Task :react-native-google-mobile-ads:prepareLintJarForPublish
[RUN_GRADLEW] > Task :react-native-safe-area-context:createFullJarRelease
[RUN_GRADLEW] > Task :react-native-safe-area-context:extractProguardFiles
[RUN_GRADLEW] > Task :react-native-safe-area-context:generateReleaseLintModel
[RUN_GRADLEW] > Task :react-native-safe-area-context:prepareLintJarForPublish
[RUN_GRADLEW] > Task :react-native-view-shot:createFullJarRelease
[RUN_GRADLEW] > Task :react-native-view-shot:extractProguardFiles
[RUN_GRADLEW] > Task :react-native-view-shot:generateReleaseLintModel
[RUN_GRADLEW] > Task :react-native-view-shot:prepareLintJarForPublish
[RUN_GRADLEW] > Task :react-native-webview:createFullJarRelease
[RUN_GRADLEW] > Task :react-native-webview:extractProguardFiles
[RUN_GRADLEW] > Task :react-native-webview:generateReleaseLintModel
[RUN_GRADLEW] > Task :react-native-webview:prepareLintJarForPublish
[RUN_GRADLEW] > Task :react-native-gesture-handler:extractDeepLinksForAarRelease
[RUN_GRADLEW] > Task :react-native-gesture-handler:extractReleaseAnnotations
[RUN_GRADLEW] > Task :react-native-gesture-handler:mergeReleaseGeneratedProguardFiles
[RUN_GRADLEW] > Task :react-native-gesture-handler:mergeReleaseConsumerProguardFiles
[RUN_GRADLEW] > Task :react-native-gesture-handler:mergeReleaseJavaResource
[RUN_GRADLEW] > Task :react-native-gesture-handler:syncReleaseLibJars
[RUN_GRADLEW] > Task :react-native-google-mobile-ads:stripReleaseDebugSymbols NO-SOURCE
[RUN_GRADLEW] > Task :react-native-google-mobile-ads:copyReleaseJniLibsProjectAndLocalJars
[RUN_GRADLEW] > Task :react-native-google-mobile-ads:extractDeepLinksForAarRelease
[RUN_GRADLEW] > Task :react-native-google-mobile-ads:extractReleaseAnnotations
[RUN_GRADLEW] > Task :react-native-google-mobile-ads:mergeReleaseGeneratedProguardFiles
[RUN_GRADLEW] > Task :react-native-google-mobile-ads:mergeReleaseConsumerProguardFiles
[RUN_GRADLEW] > Task :react-native-google-mobile-ads:mergeReleaseJavaResource
[RUN_GRADLEW] > Task :react-native-google-mobile-ads:syncReleaseLibJars
[RUN_GRADLEW] > Task :react-native-google-mobile-ads:bundleReleaseLocalLintAar
[RUN_GRADLEW] > Task :react-native-reanimated:extractDeepLinksForAarRelease
[RUN_GRADLEW] > Task :react-native-reanimated:extractReleaseAnnotations
[RUN_GRADLEW] > Task :react-native-reanimated:mergeReleaseGeneratedProguardFiles
[RUN_GRADLEW] > Task :react-native-reanimated:mergeReleaseConsumerProguardFiles
[RUN_GRADLEW] > Task :react-native-reanimated:mergeReleaseJavaResource
[RUN_GRADLEW] > Task :react-native-reanimated:syncReleaseLibJars
[RUN_GRADLEW] > Task :react-native-safe-area-context:stripReleaseDebugSymbols NO-SOURCE
[RUN_GRADLEW] > Task :react-native-safe-area-context:copyReleaseJniLibsProjectAndLocalJars
[RUN_GRADLEW] > Task :react-native-safe-area-context:extractDeepLinksForAarRelease
[RUN_GRADLEW] > Task :react-native-safe-area-context:extractReleaseAnnotations
[RUN_GRADLEW] > Task :react-native-safe-area-context:mergeReleaseGeneratedProguardFiles
[RUN_GRADLEW] > Task :react-native-safe-area-context:mergeReleaseConsumerProguardFiles
[RUN_GRADLEW] > Task :react-native-safe-area-context:mergeReleaseJavaResource
[RUN_GRADLEW] > Task :react-native-safe-area-context:syncReleaseLibJars
[RUN_GRADLEW] > Task :react-native-safe-area-context:bundleReleaseLocalLintAar
[RUN_GRADLEW] > Task :react-native-webview:stripReleaseDebugSymbols NO-SOURCE
[RUN_GRADLEW] > Task :react-native-webview:copyReleaseJniLibsProjectAndLocalJars
[RUN_GRADLEW] > Task :react-native-webview:extractDeepLinksForAarRelease
[RUN_GRADLEW] > Task :react-native-webview:extractReleaseAnnotations
[RUN_GRADLEW] > Task :react-native-webview:mergeReleaseGeneratedProguardFiles
[RUN_GRADLEW] > Task :react-native-webview:mergeReleaseConsumerProguardFiles
[RUN_GRADLEW] > Task :react-native-webview:mergeReleaseJavaResource
[RUN_GRADLEW] > Task :react-native-webview:syncReleaseLibJars
[RUN_GRADLEW] > Task :react-native-webview:bundleReleaseLocalLintAar
[RUN_GRADLEW] > Task :expo:stripReleaseDebugSymbols NO-SOURCE
[RUN_GRADLEW] > Task :expo:copyReleaseJniLibsProjectAndLocalJars
[RUN_GRADLEW] > Task :expo:extractDeepLinksForAarRelease
[RUN_GRADLEW] > Task :expo-modules-core:extractDeepLinksForAarRelease
[RUN_GRADLEW] > Task :expo-modules-core:extractReleaseAnnotations
[RUN_GRADLEW] > Task :expo-modules-core:mergeReleaseGeneratedProguardFiles
[RUN_GRADLEW] > Task :expo-modules-core:mergeReleaseConsumerProguardFiles
[RUN_GRADLEW] > Task :expo-modules-core:mergeReleaseJavaResource
[RUN_GRADLEW] The Daemon will expire after the build after running out of JVM Metaspace.
[RUN_GRADLEW] The project memory settings are likely not configured or are configured to an insufficient value.
[RUN_GRADLEW] The daemon will restart for the next build, which may increase subsequent build times.
[RUN_GRADLEW] These settings can be adjusted by setting 'org.gradle.jvmargs' in 'gradle.properties'.
[RUN_GRADLEW] The currently configured max heap space is '5 GiB' and the configured max metaspace is '1 GiB'.
[RUN_GRADLEW] For more information on how to set these values, please refer to https://docs.gradle.org/9.3.1/userguide/build_environment.html#sec:configuring_jvm_memory in the Gradle documentation.
[RUN_GRADLEW] To disable this warning, set 'org.gradle.daemon.performance.disable-logging=true'.
[RUN_GRADLEW] Daemon will be stopped at the end of the build after running out of JVM Metaspace
[RUN_GRADLEW] > Task :expo-modules-core:syncReleaseLibJars
[RUN_GRADLEW] > Task :react-native-async-storage_async-storage:stripReleaseDebugSymbols NO-SOURCE
[RUN_GRADLEW] > Task :react-native-async-storage_async-storage:copyReleaseJniLibsProjectAndLocalJars
[RUN_GRADLEW] > Task :react-native-async-storage_async-storage:extractDeepLinksForAarRelease
[RUN_GRADLEW] > Task :react-native-async-storage_async-storage:extractReleaseAnnotations
[RUN_GRADLEW] > Task :react-native-async-storage_async-storage:mergeReleaseGeneratedProguardFiles
[RUN_GRADLEW] > Task :react-native-async-storage_async-storage:mergeReleaseConsumerProguardFiles
[RUN_GRADLEW] > Task :react-native-async-storage_async-storage:mergeReleaseJavaResource
[RUN_GRADLEW] > Task :react-native-async-storage_async-storage:syncReleaseLibJars
[RUN_GRADLEW] > Task :react-native-async-storage_async-storage:bundleReleaseLocalLintAar
[RUN_GRADLEW] > Task :react-native-community_slider:stripReleaseDebugSymbols NO-SOURCE
[RUN_GRADLEW] > Task :react-native-community_slider:copyReleaseJniLibsProjectAndLocalJars
[RUN_GRADLEW] > Task :react-native-community_slider:extractDeepLinksForAarRelease
[RUN_GRADLEW] > Task :react-native-community_slider:extractReleaseAnnotations
[RUN_GRADLEW] > Task :react-native-community_slider:mergeReleaseGeneratedProguardFiles
[RUN_GRADLEW] > Task :react-native-community_slider:mergeReleaseConsumerProguardFiles
[RUN_GRADLEW] > Task :react-native-community_slider:mergeReleaseJavaResource
[RUN_GRADLEW] > Task :react-native-community_slider:syncReleaseLibJars
[RUN_GRADLEW] > Task :react-native-community_slider:bundleReleaseLocalLintAar
[RUN_GRADLEW] > Task :react-native-svg:stripReleaseDebugSymbols NO-SOURCE
[RUN_GRADLEW] > Task :react-native-svg:copyReleaseJniLibsProjectAndLocalJars
[RUN_GRADLEW] > Task :react-native-svg:extractDeepLinksForAarRelease
[RUN_GRADLEW] > Task :react-native-svg:extractReleaseAnnotations
[RUN_GRADLEW] > Task :react-native-svg:mergeReleaseGeneratedProguardFiles
[RUN_GRADLEW] > Task :react-native-svg:mergeReleaseConsumerProguardFiles
[RUN_GRADLEW] > Task :react-native-svg:mergeReleaseJavaResource
[RUN_GRADLEW] > Task :react-native-svg:syncReleaseLibJars
[RUN_GRADLEW] > Task :react-native-svg:bundleReleaseLocalLintAar
[RUN_GRADLEW] > Task :react-native-view-shot:stripReleaseDebugSymbols NO-SOURCE
[RUN_GRADLEW] > Task :react-native-view-shot:copyReleaseJniLibsProjectAndLocalJars
[RUN_GRADLEW] > Task :react-native-view-shot:extractDeepLinksForAarRelease
[RUN_GRADLEW] > Task :react-native-view-shot:extractReleaseAnnotations
[RUN_GRADLEW] Warning: fr.greweb.reactnativeviewshot.ViewShot.Formats: The typedef annotation should have @Retention(RetentionPolicy.SOURCE)
[RUN_GRADLEW] Warning: fr.greweb.reactnativeviewshot.ViewShot.Results: The typedef annotation should have @Retention(RetentionPolicy.SOURCE)
[RUN_GRADLEW] > Task :react-native-view-shot:mergeReleaseGeneratedProguardFiles
[RUN_GRADLEW] > Task :react-native-view-shot:mergeReleaseConsumerProguardFiles
[RUN_GRADLEW] > Task :react-native-view-shot:mergeReleaseJavaResource
[RUN_GRADLEW] > Task :react-native-view-shot:syncReleaseLibJars
[RUN_GRADLEW] > Task :react-native-view-shot:bundleReleaseLocalLintAar
[RUN_GRADLEW] > Task :expo-log-box:stripReleaseDebugSymbols
[RUN_GRADLEW] NO-SOURCE
[RUN_GRADLEW] > Task :expo-log-box:copyReleaseJniLibsProjectAndLocalJars
[RUN_GRADLEW] > Task :expo-log-box:extractDeepLinksForAarRelease
[RUN_GRADLEW] > Task :expo-log-box:extractReleaseAnnotations
[RUN_GRADLEW] > Task :expo-log-box:mergeReleaseGeneratedProguardFiles
[RUN_GRADLEW] > Task :expo-log-box:mergeReleaseConsumerProguardFiles
[RUN_GRADLEW] > Task :expo-log-box:mergeReleaseJavaResource
[RUN_GRADLEW] > Task :expo-log-box:syncReleaseLibJars
[RUN_GRADLEW] > Task :expo-log-box:bundleReleaseLocalLintAar
[RUN_GRADLEW] > Task :expo-dev-launcher:stripReleaseDebugSymbols NO-SOURCE
[RUN_GRADLEW] > Task :expo-dev-launcher:copyReleaseJniLibsProjectAndLocalJars
[RUN_GRADLEW] > Task :expo-dev-launcher:extractDeepLinksForAarRelease
[RUN_GRADLEW] > Task :expo:compileReleaseKotlin
[RUN_GRADLEW] > Task :expo-dev-launcher:extractReleaseAnnotations
[RUN_GRADLEW] > Task :expo-dev-launcher:mergeReleaseGeneratedProguardFiles
[RUN_GRADLEW] > Task :expo-dev-launcher:mergeReleaseConsumerProguardFiles
[RUN_GRADLEW] > Task :expo-dev-launcher:mergeReleaseJavaResource
[RUN_GRADLEW] > Task :expo-dev-launcher:syncReleaseLibJars
[RUN_GRADLEW] > Task :expo-dev-launcher:bundleReleaseLocalLintAar
[RUN_GRADLEW] > Task :expo-dev-menu-interface:stripReleaseDebugSymbols NO-SOURCE
[RUN_GRADLEW] > Task :expo-dev-menu-interface:copyReleaseJniLibsProjectAndLocalJars
[RUN_GRADLEW] > Task :expo-dev-menu-interface:extractDeepLinksForAarRelease
[RUN_GRADLEW] > Task :expo-dev-menu-interface:extractReleaseAnnotations
[RUN_GRADLEW] > Task :expo-dev-menu-interface:mergeReleaseGeneratedProguardFiles
[RUN_GRADLEW] > Task :expo-dev-menu-interface:mergeReleaseConsumerProguardFiles
[RUN_GRADLEW] > Task :expo-dev-menu-interface:mergeReleaseJavaResource
[RUN_GRADLEW] > Task :expo-dev-menu-interface:syncReleaseLibJars
[RUN_GRADLEW] > Task :expo-dev-menu-interface:bundleReleaseLocalLintAar
[RUN_GRADLEW] > Task :cosmo-gallery:stripReleaseDebugSymbols NO-SOURCE
[RUN_GRADLEW] > Task :cosmo-gallery:copyReleaseJniLibsProjectAndLocalJars
[RUN_GRADLEW] > Task :cosmo-gallery:extractDeepLinksForAarRelease
[RUN_GRADLEW] > Task :cosmo-gallery:extractReleaseAnnotations
[RUN_GRADLEW] > Task :cosmo-gallery:mergeReleaseGeneratedProguardFiles
[RUN_GRADLEW] > Task :cosmo-gallery:mergeReleaseConsumerProguardFiles
[RUN_GRADLEW] > Task :cosmo-gallery:mergeReleaseJavaResource
[RUN_GRADLEW] > Task :cosmo-gallery:syncReleaseLibJars
[RUN_GRADLEW] > Task :cosmo-gallery:bundleReleaseLocalLintAar
[RUN_GRADLEW] > Task :expo-constants:stripReleaseDebugSymbols NO-SOURCE
[RUN_GRADLEW] > Task :expo-constants:copyReleaseJniLibsProjectAndLocalJars
[RUN_GRADLEW] > Task :expo-constants:extractDeepLinksForAarRelease
[RUN_GRADLEW] > Task :expo-constants:extractReleaseAnnotations
[RUN_GRADLEW] > Task :expo-constants:mergeReleaseGeneratedProguardFiles
[RUN_GRADLEW] > Task :expo-constants:mergeReleaseConsumerProguardFiles
[RUN_GRADLEW] > Task :expo-constants:mergeReleaseJavaResource
[RUN_GRADLEW] > Task :expo-constants:syncReleaseLibJars
[RUN_GRADLEW] > Task :expo-constants:bundleReleaseLocalLintAar
[RUN_GRADLEW] > Task :expo-dev-client:stripReleaseDebugSymbols NO-SOURCE
[RUN_GRADLEW] > Task :expo-dev-client:copyReleaseJniLibsProjectAndLocalJars
[RUN_GRADLEW] > Task :expo-dev-client:extractDeepLinksForAarRelease
[RUN_GRADLEW] > Task :expo-dev-client:extractReleaseAnnotations
[RUN_GRADLEW] > Task :expo-dev-client:mergeReleaseGeneratedProguardFiles
[RUN_GRADLEW] > Task :expo-dev-client:mergeReleaseConsumerProguardFiles
[RUN_GRADLEW] > Task :expo-dev-client:mergeReleaseJavaResource
[RUN_GRADLEW] > Task :expo-dev-client:syncReleaseLibJars
[RUN_GRADLEW] > Task :expo-dev-client:bundleReleaseLocalLintAar
[RUN_GRADLEW] > Task :expo-dev-menu:stripReleaseDebugSymbols NO-SOURCE
[RUN_GRADLEW] > Task :expo-dev-menu:copyReleaseJniLibsProjectAndLocalJars
[RUN_GRADLEW] > Task :expo-dev-menu:extractDeepLinksForAarRelease
[RUN_GRADLEW] > Task :expo-dev-menu:extractReleaseAnnotations
[RUN_GRADLEW] > Task :expo-dev-menu:mergeReleaseGeneratedProguardFiles
[RUN_GRADLEW] > Task :expo-dev-menu:mergeReleaseConsumerProguardFiles
[RUN_GRADLEW] > Task :expo-dev-menu:mergeReleaseJavaResource
[RUN_GRADLEW] > Task :expo-dev-menu:syncReleaseLibJars
[RUN_GRADLEW] > Task :expo-dev-menu:bundleReleaseLocalLintAar
[RUN_GRADLEW] > Task :expo-manifests:stripReleaseDebugSymbols NO-SOURCE
[RUN_GRADLEW] > Task :expo-manifests:copyReleaseJniLibsProjectAndLocalJars
[RUN_GRADLEW] > Task :expo-manifests:extractDeepLinksForAarRelease
[RUN_GRADLEW] > Task :expo-manifests:extractReleaseAnnotations
[RUN_GRADLEW] > Task :expo-manifests:mergeReleaseGeneratedProguardFiles
[RUN_GRADLEW] > Task :expo-manifests:mergeReleaseConsumerProguardFiles
[RUN_GRADLEW] > Task :expo-manifests:mergeReleaseJavaResource
[RUN_GRADLEW] > Task :expo-manifests:syncReleaseLibJars
[RUN_GRADLEW] > Task :expo-manifests:bundleReleaseLocalLintAar
[RUN_GRADLEW] > Task :expo-json-utils:stripReleaseDebugSymbols NO-SOURCE
[RUN_GRADLEW] > Task :expo-json-utils:copyReleaseJniLibsProjectAndLocalJars
[RUN_GRADLEW] > Task :expo-json-utils:extractDeepLinksForAarRelease
[RUN_GRADLEW] > Task :expo-json-utils:extractReleaseAnnotations
[RUN_GRADLEW] > Task :expo-json-utils:mergeReleaseGeneratedProguardFiles
[RUN_GRADLEW] > Task :expo-json-utils:mergeReleaseConsumerProguardFiles
[RUN_GRADLEW] > Task :expo-json-utils:mergeReleaseJavaResource
[RUN_GRADLEW] > Task :expo-json-utils:syncReleaseLibJars
[RUN_GRADLEW] > Task :expo-json-utils:bundleReleaseLocalLintAar
[RUN_GRADLEW] > Task :expo-updates-interface:stripReleaseDebugSymbols NO-SOURCE
[RUN_GRADLEW] > Task :expo-updates-interface:copyReleaseJniLibsProjectAndLocalJars
[RUN_GRADLEW] > Task :expo-updates-interface:extractDeepLinksForAarRelease
[RUN_GRADLEW] > Task :expo-updates-interface:extractReleaseAnnotations
[RUN_GRADLEW] > Task :expo-updates-interface:mergeReleaseGeneratedProguardFiles
[RUN_GRADLEW] > Task :expo-updates-interface:mergeReleaseConsumerProguardFiles
[RUN_GRADLEW] > Task :expo-updates-interface:mergeReleaseJavaResource
[RUN_GRADLEW] > Task :expo-updates-interface:syncReleaseLibJars
[RUN_GRADLEW] > Task :expo-updates-interface:bundleReleaseLocalLintAar
[RUN_GRADLEW] > Task :expo-modules-core:writeReleaseLintModelMetadata
[RUN_GRADLEW] > Task :cosmo-gallery:writeReleaseLintModelMetadata
[RUN_GRADLEW] > Task :expo-constants:writeReleaseLintModelMetadata
[RUN_GRADLEW] > Task :expo-dev-client:writeReleaseLintModelMetadata
[RUN_GRADLEW] > Task :expo-dev-launcher:writeReleaseLintModelMetadata
[RUN_GRADLEW] > Task :expo-dev-menu:writeReleaseLintModelMetadata
[RUN_GRADLEW] > Task :expo-dev-menu-interface:writeReleaseLintModelMetadata
[RUN_GRADLEW] > Task :expo-json-utils:writeReleaseLintModelMetadata
[RUN_GRADLEW] > Task :expo-log-box:writeReleaseLintModelMetadata
[RUN_GRADLEW] > Task :expo-manifests:writeReleaseLintModelMetadata
[RUN_GRADLEW] > Task :expo-updates-interface:writeReleaseLintModelMetadata
[RUN_GRADLEW] > Task :expo:writeReleaseLintModelMetadata
[RUN_GRADLEW] > Task :react-native-worklets:buildCMakeRelWithDebInfo[arm64-v8a][worklets]
[RUN_GRADLEW] C/C++: Hard link from '/home/codespace/.gradle/caches/9.3.1/transforms/2632d6d2d8d86a67264f1929d6ca7219/transformed/react-android-0.86.3-release/prefab/modules/reactnative/libs/android.arm64-v8a/libreactnative.so' to '/tmp/codespace/eas-build-local-nodejs/466b137c-d6b3-49b2-9872-6f9cbf8a678e/build/node_modules/react-native-worklets/android/build/intermediates/cxx/RelWithDebInfo/2u5b3a4d/obj/arm64-v8a/libreactnative.so' failed. Doing a slower copy instead.
[RUN_GRADLEW] C/C++: Hard link from '/home/codespace/.gradle/caches/9.3.1/transforms/2632d6d2d8d86a67264f1929d6ca7219/transformed/react-android-0.86.3-release/prefab/modules/reactnative/libs/android.arm64-v8a/libreactnative.so' to '/tmp/codespace/eas-build-local-nodejs/466b137c-d6b3-49b2-9872-6f9cbf8a678e/build/node_modules/react-native-worklets/android/build/intermediates/cxx/RelWithDebInfo/2u5b3a4d/obj/arm64-v8a/libreactnative.so' failed. Doing a slower copy instead.
[RUN_GRADLEW] > Task :expo:compileReleaseKotlin
[RUN_GRADLEW] w: file:///tmp/codespace/eas-build-local-nodejs/466b137c-d6b3-49b2-9872-6f9cbf8a678e/build/node_modules/expo/android/src/main/java/expo/modules/ExpoModulesPackage.kt:34:16 This declaration overrides a deprecated member but is not marked as deprecated itself. Add the '@Deprecated' annotation or suppress the diagnostic.
[RUN_GRADLEW] w: file:///tmp/codespace/eas-build-local-nodejs/466b137c-d6b3-49b2-9872-6f9cbf8a678e/build/node_modules/expo/android/src/main/java/expo/modules/ReactActivityDelegateWrapper.kt:22:8 'class ReactInstanceManager : Any' is deprecated. Deprecated in Java.
[RUN_GRADLEW] w: file:///tmp/codespace/eas-build-local-nodejs/466b137c-d6b3-49b2-9872-6f9cbf8a678e/build/node_modules/expo/android/src/main/java/expo/modules/ReactActivityDelegateWrapper.kt:102:16 This declaration overrides a deprecated member but is not marked as deprecated itself. Add the '@Deprecated' annotation or suppress the diagnostic.
[RUN_GRADLEW] w: file:///tmp/codespace/eas-build-local-nodejs/466b137c-d6b3-49b2-9872-6f9cbf8a678e/build/node_modules/expo/android/src/main/java/expo/modules/ReactActivityDelegateWrapper.kt:102:43 'class ReactInstanceManager : Any' is deprecated. Deprecated in Java.
[RUN_GRADLEW] w: file:///tmp/codespace/eas-build-local-nodejs/466b137c-d6b3-49b2-9872-6f9cbf8a678e/build/node_modules/expo/android/src/main/java/expo/modules/ReactActivityDelegateWrapper.kt:103:21 'val reactInstanceManager: ReactInstanceManager' is deprecated. Deprecated in Java.
[RUN_GRADLEW] w: file:///tmp/codespace/eas-build-local-nodejs/466b137c-d6b3-49b2-9872-6f9cbf8a678e/build/node_modules/expo/android/src/main/java/expo/modules/fetch/ExpoFetchModule.kt:33:39 'constructor(reactContext: ReactContext): ForwardingCookieHandler' is deprecated. Use the default constructor.
[RUN_GRADLEW] w: file:///tmp/codespace/eas-build-local-nodejs/466b137c-d6b3-49b2-9872-6f9cbf8a678e/build/node_modules/expo/android/src/main/java/expo/modules/fetch/NativeResponse.kt:44:16 This declaration overrides a deprecated member but is not marked as deprecated itself. Add the '@Deprecated' annotation or suppress the diagnostic.
[RUN_GRADLEW] w: file:///tmp/codespace/eas-build-local-nodejs/466b137c-d6b3-49b2-9872-6f9cbf8a678e/build/node_modules/expo/android/src/main/java/expo/modules/fetch/NativeResponse.kt:46:11 'fun deallocate(): Unit' is deprecated. Use sharedObjectDidRelease() instead.
[RUN_GRADLEW] > Task :expo:compileReleaseJavaWithJavac
[RUN_GRADLEW] > Task :expo:bundleLibRuntimeToDirRelease
[RUN_GRADLEW] > Task :expo:bundleLibCompileToJarRelease
[RUN_GRADLEW] > Task :app:compileReleaseKotlin
[RUN_GRADLEW] > Task :app:compileReleaseJavaWithJavac
[RUN_GRADLEW] > Task :app:dexBuilderRelease
[RUN_GRADLEW] > Task :react-native-async-storage_async-storage:lintVitalAnalyzeRelease
[RUN_GRADLEW] > Task :expo:bundleLibRuntimeToJarRelease
[RUN_GRADLEW] > Task :app:processReleaseJavaRes
[RUN_GRADLEW] > Task :expo:processReleaseJavaRes
[RUN_GRADLEW] > Task :app:mergeDexRelease
[RUN_GRADLEW] > Task :app:mergeReleaseGlobalSynthetics
[RUN_GRADLEW] > Task :expo:createFullJarRelease
[RUN_GRADLEW] > Task :expo:extractReleaseAnnotations
[RUN_GRADLEW] > Task :expo:mergeReleaseGeneratedProguardFiles
[RUN_GRADLEW] > Task :expo:mergeReleaseConsumerProguardFiles
[RUN_GRADLEW] > Task :expo:mergeReleaseJavaResource
[RUN_GRADLEW] > Task :expo:syncReleaseLibJars
[RUN_GRADLEW] > Task :expo:bundleReleaseLocalLintAar
[RUN_GRADLEW] > Task :react-native-async-storage_async-storage:writeReleaseLintModelMetadata
[RUN_GRADLEW] > Task :react-native-community_slider:lintVitalAnalyzeRelease
[RUN_GRADLEW] > Task :react-native-community_slider:writeReleaseLintModelMetadata
[RUN_GRADLEW] > Task :react-native-reanimated:writeReleaseLintModelMetadata
[RUN_GRADLEW] > Task :react-native-svg:writeReleaseLintModelMetadata
[RUN_GRADLEW] > Task :react-native-gesture-handler:writeReleaseLintModelMetadata
[RUN_GRADLEW] > Task :react-native-worklets:configureCMakeRelWithDebInfo[armeabi-v7a]
[RUN_GRADLEW] > Task :app:mergeReleaseJavaResource
[RUN_GRADLEW] > Task :react-native-google-mobile-ads:writeReleaseLintModelMetadata
[RUN_GRADLEW] > Task :react-native-safe-area-context:lintVitalAnalyzeRelease
[RUN_GRADLEW] > Task :react-native-safe-area-context:writeReleaseLintModelMetadata
[RUN_GRADLEW] > Task :react-native-worklets:buildCMakeRelWithDebInfo[armeabi-v7a][worklets]
[RUN_GRADLEW] C/C++: Hard link from '/home/codespace/.gradle/caches/9.3.1/transforms/2632d6d2d8d86a67264f1929d6ca7219/transformed/react-android-0.86.3-release/prefab/modules/reactnative/libs/android.armeabi-v7a/libreactnative.so' to '/tmp/codespace/eas-build-local-nodejs/466b137c-d6b3-49b2-9872-6f9cbf8a678e/build/node_modules/react-native-worklets/android/build/intermediates/cxx/RelWithDebInfo/2u5b3a4d/obj/armeabi-v7a/libreactnative.so' failed. Doing a slower copy instead.
[RUN_GRADLEW] C/C++: Hard link from '/home/codespace/.gradle/caches/9.3.1/transforms/2632d6d2d8d86a67264f1929d6ca7219/transformed/react-android-0.86.3-release/prefab/modules/reactnative/libs/android.armeabi-v7a/libreactnative.so' to '/tmp/codespace/eas-build-local-nodejs/466b137c-d6b3-49b2-9872-6f9cbf8a678e/build/node_modules/react-native-worklets/android/build/intermediates/cxx/RelWithDebInfo/2u5b3a4d/obj/armeabi-v7a/libreactnative.so' failed. Doing a slower copy instead.
[RUN_GRADLEW] > Task :react-native-google-mobile-ads:lintVitalAnalyzeRelease
[RUN_GRADLEW] > Task :react-native-svg:lintVitalAnalyzeRelease
[RUN_GRADLEW] > Task :react-native-view-shot:writeReleaseLintModelMetadata
[RUN_GRADLEW] > Task :react-native-view-shot:lintVitalAnalyzeRelease
[RUN_GRADLEW] > Task :react-native-webview:writeReleaseLintModelMetadata
[RUN_GRADLEW] > Task :react-native-async-storage_async-storage:generateReleaseLintVitalModel
[RUN_GRADLEW] > Task :react-native-community_slider:generateReleaseLintVitalModel
[RUN_GRADLEW] > Task :react-native-google-mobile-ads:generateReleaseLintVitalModel
[RUN_GRADLEW] > Task :react-native-safe-area-context:generateReleaseLintVitalModel
[RUN_GRADLEW] > Task :react-native-svg:generateReleaseLintVitalModel
[RUN_GRADLEW] > Task :react-native-view-shot:generateReleaseLintVitalModel
[RUN_GRADLEW] > Task :react-native-webview:generateReleaseLintVitalModel
[RUN_GRADLEW] > Task :app:parseReleaseIntegrityConfig
[RUN_GRADLEW] > Task :app:validateSigningRelease
[RUN_GRADLEW] > Task :react-native-webview:lintVitalAnalyzeRelease
[RUN_GRADLEW] > Task :react-native-worklets:configureCMakeRelWithDebInfo[x86]
[RUN_GRADLEW] > Task :react-native-worklets:buildCMakeRelWithDebInfo[x86][worklets]
[RUN_GRADLEW] C/C++: Hard link from '/home/codespace/.gradle/caches/9.3.1/transforms/2632d6d2d8d86a67264f1929d6ca7219/transformed/react-android-0.86.3-release/prefab/modules/reactnative/libs/android.x86/libreactnative.so' to '/tmp/codespace/eas-build-local-nodejs/466b137c-d6b3-49b2-9872-6f9cbf8a678e/build/node_modules/react-native-worklets/android/build/intermediates/cxx/RelWithDebInfo/2u5b3a4d/obj/x86/libreactnative.so' failed. Doing a slower copy instead.
[RUN_GRADLEW] C/C++: Hard link from '/home/codespace/.gradle/caches/9.3.1/transforms/2632d6d2d8d86a67264f1929d6ca7219/transformed/react-android-0.86.3-release/prefab/modules/reactnative/libs/android.x86/libreactnative.so' to '/tmp/codespace/eas-build-local-nodejs/466b137c-d6b3-49b2-9872-6f9cbf8a678e/build/node_modules/react-native-worklets/android/build/intermediates/cxx/RelWithDebInfo/2u5b3a4d/obj/x86/libreactnative.so' failed. Doing a slower copy instead.
[RUN_GRADLEW] > Task :react-native-worklets:configureCMakeRelWithDebInfo[x86_64]
[RUN_GRADLEW] > Task :react-native-worklets:buildCMakeRelWithDebInfo[x86_64][worklets]
[RUN_GRADLEW] C/C++: Hard link from '/home/codespace/.gradle/caches/9.3.1/transforms/2632d6d2d8d86a67264f1929d6ca7219/transformed/react-android-0.86.3-release/prefab/modules/reactnative/libs/android.x86_64/libreactnative.so' to '/tmp/codespace/eas-build-local-nodejs/466b137c-d6b3-49b2-9872-6f9cbf8a678e/build/node_modules/react-native-worklets/android/build/intermediates/cxx/RelWithDebInfo/2u5b3a4d/obj/x86_64/libreactnative.so' failed. Doing a slower copy instead.
[RUN_GRADLEW] C/C++: Hard link from '/home/codespace/.gradle/caches/9.3.1/transforms/2632d6d2d8d86a67264f1929d6ca7219/transformed/react-android-0.86.3-release/prefab/modules/reactnative/libs/android.x86_64/libreactnative.so' to '/tmp/codespace/eas-build-local-nodejs/466b137c-d6b3-49b2-9872-6f9cbf8a678e/build/node_modules/react-native-worklets/android/build/intermediates/cxx/RelWithDebInfo/2u5b3a4d/obj/x86_64/libreactnative.so' failed. Doing a slower copy instead.
[RUN_GRADLEW] > Task :react-native-worklets:externalNativeBuildRelease
[RUN_GRADLEW] C/C++: Hard link from '/home/codespace/.gradle/caches/9.3.1/transforms/2632d6d2d8d86a67264f1929d6ca7219/transformed/react-android-0.86.3-release/prefab/modules/reactnative/libs/android.armeabi-v7a/libreactnative.so' to '/tmp/codespace/eas-build-local-nodejs/466b137c-d6b3-49b2-9872-6f9cbf8a678e/build/node_modules/react-native-worklets/android/build/intermediates/cmake/release/obj/armeabi-v7a/libreactnative.so' failed. Doing a slower copy instead.
[RUN_GRADLEW] C/C++: Hard link from '/home/codespace/.gradle/caches/9.3.1/transforms/2632d6d2d8d86a67264f1929d6ca7219/transformed/react-android-0.86.3-release/prefab/modules/reactnative/libs/android.armeabi-v7a/libreactnative.so' to '/tmp/codespace/eas-build-local-nodejs/466b137c-d6b3-49b2-9872-6f9cbf8a678e/build/node_modules/react-native-worklets/android/build/intermediates/cmake/release/obj/armeabi-v7a/libreactnative.so' failed. Doing a slower copy instead.
[RUN_GRADLEW] C/C++: Hard link from '/home/codespace/.gradle/caches/9.3.1/transforms/2632d6d2d8d86a67264f1929d6ca7219/transformed/react-android-0.86.3-release/prefab/modules/reactnative/libs/android.arm64-v8a/libreactnative.so' to '/tmp/codespace/eas-build-local-nodejs/466b137c-d6b3-49b2-9872-6f9cbf8a678e/build/node_modules/react-native-worklets/android/build/intermediates/cmake/release/obj/arm64-v8a/libreactnative.so' failed. Doing a slower copy instead.
[RUN_GRADLEW] C/C++: Hard link from '/home/codespace/.gradle/caches/9.3.1/transforms/2632d6d2d8d86a67264f1929d6ca7219/transformed/react-android-0.86.3-release/prefab/modules/reactnative/libs/android.arm64-v8a/libreactnative.so' to '/tmp/codespace/eas-build-local-nodejs/466b137c-d6b3-49b2-9872-6f9cbf8a678e/build/node_modules/react-native-worklets/android/build/intermediates/cmake/release/obj/arm64-v8a/libreactnative.so' failed. Doing a slower copy instead.
[RUN_GRADLEW] C/C++: Hard link from '/home/codespace/.gradle/caches/9.3.1/transforms/2632d6d2d8d86a67264f1929d6ca7219/transformed/react-android-0.86.3-release/prefab/modules/reactnative/libs/android.x86/libreactnative.so' to '/tmp/codespace/eas-build-local-nodejs/466b137c-d6b3-49b2-9872-6f9cbf8a678e/build/node_modules/react-native-worklets/android/build/intermediates/cmake/release/obj/x86/libreactnative.so' failed. Doing a slower copy instead.
[RUN_GRADLEW] C/C++: Hard link from '/home/codespace/.gradle/caches/9.3.1/transforms/2632d6d2d8d86a67264f1929d6ca7219/transformed/react-android-0.86.3-release/prefab/modules/reactnative/libs/android.x86/libreactnative.so' to '/tmp/codespace/eas-build-local-nodejs/466b137c-d6b3-49b2-9872-6f9cbf8a678e/build/node_modules/react-native-worklets/android/build/intermediates/cmake/release/obj/x86/libreactnative.so' failed. Doing a slower copy instead.
[RUN_GRADLEW] C/C++: Hard link from '/home/codespace/.gradle/caches/9.3.1/transforms/2632d6d2d8d86a67264f1929d6ca7219/transformed/react-android-0.86.3-release/prefab/modules/reactnative/libs/android.x86_64/libreactnative.so' to '/tmp/codespace/eas-build-local-nodejs/466b137c-d6b3-49b2-9872-6f9cbf8a678e/build/node_modules/react-native-worklets/android/build/intermediates/cmake/release/obj/x86_64/libreactnative.so' failed. Doing a slower copy instead.
[RUN_GRADLEW] C/C++: Hard link from '/home/codespace/.gradle/caches/9.3.1/transforms/2632d6d2d8d86a67264f1929d6ca7219/transformed/react-android-0.86.3-release/prefab/modules/reactnative/libs/android.x86_64/libreactnative.so' to '/tmp/codespace/eas-build-local-nodejs/466b137c-d6b3-49b2-9872-6f9cbf8a678e/build/node_modules/react-native-worklets/android/build/intermediates/cmake/release/obj/x86_64/libreactnative.so' failed. Doing a slower copy instead.
[RUN_GRADLEW] > Task :react-native-worklets:generateJsonModelRelease
[RUN_GRADLEW] > Task :react-native-worklets:prefabReleaseConfigurePackage
[RUN_GRADLEW] > Task :react-native-worklets:prefabReleasePackage
[RUN_GRADLEW] > Task :react-native-worklets:mergeReleaseJniLibFolders
[RUN_GRADLEW] > Task :react-native-worklets:mergeReleaseNativeLibs
[RUN_GRADLEW] > Task :react-native-worklets:copyReleaseJniLibsProjectOnly
[RUN_GRADLEW] > Task :react-native-worklets:prepareReleaseArtProfile
[RUN_GRADLEW] > Task :expo-modules-core:configureCMakeRelWithDebInfo[arm64-v8a]
[RUN_GRADLEW] > Task :react-native-reanimated:configureCMakeRelWithDebInfo[arm64-v8a]
[RUN_GRADLEW] > Task :app:mergeReleaseArtProfile
[RUN_GRADLEW] > Task :app:compileReleaseArtProfile
[RUN_GRADLEW] > Task :react-native-worklets:createFullJarRelease
[RUN_GRADLEW] > Task :react-native-worklets:extractProguardFiles
[RUN_GRADLEW] > Task :react-native-reanimated:configureCMakeRelWithDebInfo[armeabi-v7a]
[RUN_GRADLEW] > Task :react-native-worklets:generateReleaseLintModel
[RUN_GRADLEW] > Task :react-native-worklets:prepareLintJarForPublish
[RUN_GRADLEW] > Task :react-native-worklets:stripReleaseDebugSymbols
[RUN_GRADLEW] > Task :react-native-worklets:copyReleaseJniLibsProjectAndLocalJars
[RUN_GRADLEW] > Task :react-native-worklets:extractDeepLinksForAarRelease
[RUN_GRADLEW] > Task :react-native-worklets:extractReleaseAnnotations
[RUN_GRADLEW] > Task :react-native-worklets:mergeReleaseGeneratedProguardFiles
[RUN_GRADLEW] > Task :react-native-worklets:mergeReleaseConsumerProguardFiles
[RUN_GRADLEW] > Task :react-native-worklets:mergeReleaseJavaResource
[RUN_GRADLEW] > Task :react-native-worklets:syncReleaseLibJars
[RUN_GRADLEW] > Task :react-native-reanimated:configureCMakeRelWithDebInfo[x86]
[RUN_GRADLEW] > Task :react-native-worklets:bundleReleaseLocalLintAar
[RUN_GRADLEW] > Task :react-native-worklets:writeReleaseLintModelMetadata
[RUN_GRADLEW] > Task :react-native-worklets:lintVitalAnalyzeRelease SKIPPED
[RUN_GRADLEW] > Task :react-native-worklets:generateReleaseLintVitalModel
[RUN_GRADLEW] > Task :react-native-reanimated:configureCMakeRelWithDebInfo[x86_64]
[RUN_GRADLEW] > Task :react-native-reanimated:generateJsonModelRelease
[RUN_GRADLEW] > Task :react-native-reanimated:prefabReleaseConfigurePackage
[RUN_GRADLEW] > Task :expo-modules-core:buildCMakeRelWithDebInfo[arm64-v8a]
[RUN_GRADLEW] > Task :app:configureCMakeRelWithDebInfo[arm64-v8a]
[RUN_GRADLEW] > Task :react-native-reanimated:buildCMakeRelWithDebInfo[arm64-v8a][reanimated]
[RUN_GRADLEW] > Task :expo-modules-core:buildCMakeRelWithDebInfo[arm64-v8a]
[RUN_GRADLEW] C/C++: ninja: Entering directory `/tmp/codespace/eas-build-local-nodejs/466b137c-d6b3-49b2-9872-6f9cbf8a678e/build/node_modules/expo-modules-core/android/.cxx/RelWithDebInfo/5o6645h2/arm64-v8a'
[RUN_GRADLEW] C/C++: /tmp/codespace/eas-build-local-nodejs/466b137c-d6b3-49b2-9872-6f9cbf8a678e/build/node_modules/expo-modules-core/android/src/main/cpp/fabric/ExpoComponentDescriptorFactory.cpp:17:5: warning: 'RawPropsParser' is deprecated [-Wdeprecated-declarations]
[RUN_GRADLEW] C/C++:    17 |     react::RawPropsParser(/*useRawPropsJsiValue=*/true)
[RUN_GRADLEW] C/C++:       |     ^
[RUN_GRADLEW] C/C++: /tmp/codespace/eas-build-local-nodejs/466b137c-d6b3-49b2-9872-6f9cbf8a678e/build/node_modules/react-native/ReactCommon/react/renderer/core/RawPropsParser.h:31:5: note: 'RawPropsParser' has been explicitly marked deprecated here
[RUN_GRADLEW] C/C++:    31 |   [[deprecated]] explicit RawPropsParser(bool /* ignored */) : RawPropsParser() {}
[RUN_GRADLEW] C/C++:       |     ^
[RUN_GRADLEW] C/C++: 1 warning generated.
[RUN_GRADLEW] C/C++: Hard link from '/home/codespace/.gradle/caches/9.3.1/transforms/2632d6d2d8d86a67264f1929d6ca7219/transformed/react-android-0.86.3-release/prefab/modules/reactnative/libs/android.arm64-v8a/libreactnative.so' to '/tmp/codespace/eas-build-local-nodejs/466b137c-d6b3-49b2-9872-6f9cbf8a678e/build/node_modules/expo-modules-core/android/build/intermediates/cxx/RelWithDebInfo/5o6645h2/obj/arm64-v8a/libreactnative.so' failed. Doing a slower copy instead.
[RUN_GRADLEW] C/C++: Hard link from '/home/codespace/.gradle/caches/9.3.1/transforms/2632d6d2d8d86a67264f1929d6ca7219/transformed/react-android-0.86.3-release/prefab/modules/reactnative/libs/android.arm64-v8a/libreactnative.so' to '/tmp/codespace/eas-build-local-nodejs/466b137c-d6b3-49b2-9872-6f9cbf8a678e/build/node_modules/expo-modules-core/android/build/intermediates/cxx/RelWithDebInfo/5o6645h2/obj/arm64-v8a/libreactnative.so' failed. Doing a slower copy instead.
[RUN_GRADLEW] > Task :expo-modules-core:configureCMakeRelWithDebInfo[armeabi-v7a]
[RUN_GRADLEW] > Task :expo-modules-core:buildCMakeRelWithDebInfo[armeabi-v7a]
[RUN_GRADLEW] C/C++: ninja: Entering directory `/tmp/codespace/eas-build-local-nodejs/466b137c-d6b3-49b2-9872-6f9cbf8a678e/build/node_modules/expo-modules-core/android/.cxx/RelWithDebInfo/5o6645h2/armeabi-v7a'
[RUN_GRADLEW] C/C++: /tmp/codespace/eas-build-local-nodejs/466b137c-d6b3-49b2-9872-6f9cbf8a678e/build/node_modules/expo-modules-core/android/src/main/cpp/fabric/ExpoComponentDescriptorFactory.cpp:17:5: warning: 'RawPropsParser' is deprecated [-Wdeprecated-declarations]
[RUN_GRADLEW] C/C++:    17 |     react::RawPropsParser(/*useRawPropsJsiValue=*/true)
[RUN_GRADLEW] C/C++:       |     ^
[RUN_GRADLEW] C/C++: /tmp/codespace/eas-build-local-nodejs/466b137c-d6b3-49b2-9872-6f9cbf8a678e/build/node_modules/react-native/ReactCommon/react/renderer/core/RawPropsParser.h:31:5: note: 'RawPropsParser' has been explicitly marked deprecated here
[RUN_GRADLEW] C/C++:    31 |   [[deprecated]] explicit RawPropsParser(bool /* ignored */) : RawPropsParser() {}
[RUN_GRADLEW] C/C++:       |     ^
[RUN_GRADLEW] C/C++: 1 warning generated.
[RUN_GRADLEW] C/C++: Hard link from '/home/codespace/.gradle/caches/9.3.1/transforms/2632d6d2d8d86a67264f1929d6ca7219/transformed/react-android-0.86.3-release/prefab/modules/reactnative/libs/android.armeabi-v7a/libreactnative.so' to '/tmp/codespace/eas-build-local-nodejs/466b137c-d6b3-49b2-9872-6f9cbf8a678e/build/node_modules/expo-modules-core/android/build/intermediates/cxx/RelWithDebInfo/5o6645h2/obj/armeabi-v7a/libreactnative.so' failed. Doing a slower copy instead.
[RUN_GRADLEW] C/C++: Hard link from '/home/codespace/.gradle/caches/9.3.1/transforms/2632d6d2d8d86a67264f1929d6ca7219/transformed/react-android-0.86.3-release/prefab/modules/reactnative/libs/android.armeabi-v7a/libreactnative.so' to '/tmp/codespace/eas-build-local-nodejs/466b137c-d6b3-49b2-9872-6f9cbf8a678e/build/node_modules/expo-modules-core/android/build/intermediates/cxx/RelWithDebInfo/5o6645h2/obj/armeabi-v7a/libreactnative.so' failed. Doing a slower copy instead.
[RUN_GRADLEW] > Task :expo-modules-core:configureCMakeRelWithDebInfo[x86]
[RUN_GRADLEW] > Task :expo-modules-core:buildCMakeRelWithDebInfo[x86]
[RUN_GRADLEW] C/C++: ninja: Entering directory `/tmp/codespace/eas-build-local-nodejs/466b137c-d6b3-49b2-9872-6f9cbf8a678e/build/node_modules/expo-modules-core/android/.cxx/RelWithDebInfo/5o6645h2/x86'
[RUN_GRADLEW] C/C++: /tmp/codespace/eas-build-local-nodejs/466b137c-d6b3-49b2-9872-6f9cbf8a678e/build/node_modules/expo-modules-core/android/src/main/cpp/fabric/ExpoComponentDescriptorFactory.cpp:17:5: warning: 'RawPropsParser' is deprecated [-Wdeprecated-declarations]
[RUN_GRADLEW] C/C++:    17 |     react::RawPropsParser(/*useRawPropsJsiValue=*/true)
[RUN_GRADLEW] C/C++:       |     ^
[RUN_GRADLEW] C/C++: /tmp/codespace/eas-build-local-nodejs/466b137c-d6b3-49b2-9872-6f9cbf8a678e/build/node_modules/react-native/ReactCommon/react/renderer/core/RawPropsParser.h:31:5: note: 'RawPropsParser' has been explicitly marked deprecated here
[RUN_GRADLEW] C/C++:    31 |   [[deprecated]] explicit RawPropsParser(bool /* ignored */) : RawPropsParser() {}
[RUN_GRADLEW] C/C++:       |     ^
[RUN_GRADLEW] C/C++: 1 warning generated.
[RUN_GRADLEW] C/C++: Hard link from '/home/codespace/.gradle/caches/9.3.1/transforms/2632d6d2d8d86a67264f1929d6ca7219/transformed/react-android-0.86.3-release/prefab/modules/reactnative/libs/android.x86/libreactnative.so' to '/tmp/codespace/eas-build-local-nodejs/466b137c-d6b3-49b2-9872-6f9cbf8a678e/build/node_modules/expo-modules-core/android/build/intermediates/cxx/RelWithDebInfo/5o6645h2/obj/x86/libreactnative.so' failed. Doing a slower copy instead.
[RUN_GRADLEW] C/C++: Hard link from '/home/codespace/.gradle/caches/9.3.1/transforms/2632d6d2d8d86a67264f1929d6ca7219/transformed/react-android-0.86.3-release/prefab/modules/reactnative/libs/android.x86/libreactnative.so' to '/tmp/codespace/eas-build-local-nodejs/466b137c-d6b3-49b2-9872-6f9cbf8a678e/build/node_modules/expo-modules-core/android/build/intermediates/cxx/RelWithDebInfo/5o6645h2/obj/x86/libreactnative.so' failed. Doing a slower copy instead.
[RUN_GRADLEW] > Task :expo-modules-core:configureCMakeRelWithDebInfo[x86_64]
[RUN_GRADLEW] > Task :react-native-reanimated:buildCMakeRelWithDebInfo[arm64-v8a][reanimated]
[RUN_GRADLEW] C/C++: Hard link from '/home/codespace/.gradle/caches/9.3.1/transforms/2632d6d2d8d86a67264f1929d6ca7219/transformed/react-android-0.86.3-release/prefab/modules/reactnative/libs/android.arm64-v8a/libreactnative.so' to '/tmp/codespace/eas-build-local-nodejs/466b137c-d6b3-49b2-9872-6f9cbf8a678e/build/node_modules/react-native-reanimated/android/build/intermediates/cxx/RelWithDebInfo/6g502048/obj/arm64-v8a/libreactnative.so' failed. Doing a slower copy instead.
[RUN_GRADLEW] C/C++: Hard link from '/home/codespace/.gradle/caches/9.3.1/transforms/2632d6d2d8d86a67264f1929d6ca7219/transformed/react-android-0.86.3-release/prefab/modules/reactnative/libs/android.arm64-v8a/libreactnative.so' to '/tmp/codespace/eas-build-local-nodejs/466b137c-d6b3-49b2-9872-6f9cbf8a678e/build/node_modules/react-native-reanimated/android/build/intermediates/cxx/RelWithDebInfo/6g502048/obj/arm64-v8a/libreactnative.so' failed. Doing a slower copy instead.
[RUN_GRADLEW] > Task :app:configureCMakeRelWithDebInfo[armeabi-v7a]
[RUN_GRADLEW] > Task :app:configureCMakeRelWithDebInfo[x86]
[RUN_GRADLEW] > Task :app:configureCMakeRelWithDebInfo[x86_64]
[RUN_GRADLEW] > Task :react-native-gesture-handler:configureCMakeRelWithDebInfo[arm64-v8a]
[RUN_GRADLEW] > Task :react-native-gesture-handler:configureCMakeRelWithDebInfo[armeabi-v7a]
[RUN_GRADLEW] > Task :react-native-gesture-handler:configureCMakeRelWithDebInfo[x86]
[RUN_GRADLEW] > Task :expo-modules-core:buildCMakeRelWithDebInfo[x86_64]
[RUN_GRADLEW] > Task :react-native-gesture-handler:configureCMakeRelWithDebInfo[x86_64]
[RUN_GRADLEW] > Task :expo-modules-core:buildCMakeRelWithDebInfo[x86_64]
[RUN_GRADLEW] C/C++: ninja: Entering directory `/tmp/codespace/eas-build-local-nodejs/466b137c-d6b3-49b2-9872-6f9cbf8a678e/build/node_modules/expo-modules-core/android/.cxx/RelWithDebInfo/5o6645h2/x86_64'
[RUN_GRADLEW] C/C++: /tmp/codespace/eas-build-local-nodejs/466b137c-d6b3-49b2-9872-6f9cbf8a678e/build/node_modules/expo-modules-core/android/src/main/cpp/fabric/ExpoComponentDescriptorFactory.cpp:17:5: warning: 'RawPropsParser' is deprecated [-Wdeprecated-declarations]
[RUN_GRADLEW] C/C++:    17 |     react::RawPropsParser(/*useRawPropsJsiValue=*/true)
[RUN_GRADLEW] C/C++:       |     ^
[RUN_GRADLEW] C/C++: /tmp/codespace/eas-build-local-nodejs/466b137c-d6b3-49b2-9872-6f9cbf8a678e/build/node_modules/react-native/ReactCommon/react/renderer/core/RawPropsParser.h:31:5: note: 'RawPropsParser' has been explicitly marked deprecated here
[RUN_GRADLEW] C/C++:    31 |   [[deprecated]] explicit RawPropsParser(bool /* ignored */) : RawPropsParser() {}
[RUN_GRADLEW] C/C++:       |     ^
[RUN_GRADLEW] C/C++: 1 warning generated.
[RUN_GRADLEW] C/C++: Hard link from '/home/codespace/.gradle/caches/9.3.1/transforms/2632d6d2d8d86a67264f1929d6ca7219/transformed/react-android-0.86.3-release/prefab/modules/reactnative/libs/android.x86_64/libreactnative.so' to '/tmp/codespace/eas-build-local-nodejs/466b137c-d6b3-49b2-9872-6f9cbf8a678e/build/node_modules/expo-modules-core/android/build/intermediates/cxx/RelWithDebInfo/5o6645h2/obj/x86_64/libreactnative.so' failed. Doing a slower copy instead.
[RUN_GRADLEW] C/C++: Hard link from '/home/codespace/.gradle/caches/9.3.1/transforms/2632d6d2d8d86a67264f1929d6ca7219/transformed/react-android-0.86.3-release/prefab/modules/reactnative/libs/android.x86_64/libreactnative.so' to '/tmp/codespace/eas-build-local-nodejs/466b137c-d6b3-49b2-9872-6f9cbf8a678e/build/node_modules/expo-modules-core/android/build/intermediates/cxx/RelWithDebInfo/5o6645h2/obj/x86_64/libreactnative.so' failed. Doing a slower copy instead.
[RUN_GRADLEW] > Task :expo-modules-core:generateReleaseLintModel
[RUN_GRADLEW] > Task :cosmo-gallery:generateReleaseLintModel
[RUN_GRADLEW] > Task :expo-constants:generateReleaseLintModel
[RUN_GRADLEW] > Task :expo-dev-client:generateReleaseLintModel
[RUN_GRADLEW] > Task :react-native-reanimated:buildCMakeRelWithDebInfo[armeabi-v7a][reanimated]
[RUN_GRADLEW] > Task :expo-dev-launcher:generateReleaseLintModel
[RUN_GRADLEW] > Task :expo-dev-menu:generateReleaseLintModel
[RUN_GRADLEW] > Task :expo-dev-menu-interface:generateReleaseLintModel
[RUN_GRADLEW] > Task :expo-json-utils:generateReleaseLintModel
[RUN_GRADLEW] > Task :expo-modules-core:mergeReleaseNativeLibs
[RUN_GRADLEW] > Task :expo-log-box:generateReleaseLintModel
[RUN_GRADLEW] > Task :expo-manifests:generateReleaseLintModel
[RUN_GRADLEW] > Task :expo-updates-interface:generateReleaseLintModel
[RUN_GRADLEW] > Task :expo-modules-core:copyReleaseJniLibsProjectOnly
[RUN_GRADLEW] > Task :expo-modules-core:stripReleaseDebugSymbols
[RUN_GRADLEW] > Task :expo-modules-core:copyReleaseJniLibsProjectAndLocalJars
[RUN_GRADLEW] > Task :expo-modules-core:bundleReleaseLocalLintAar
[RUN_GRADLEW] > Task :expo:generateReleaseLintModel
[RUN_GRADLEW] > Task :cosmo-gallery:lintVitalAnalyzeRelease
[RUN_GRADLEW] > Task :expo-constants:lintVitalAnalyzeRelease
[RUN_GRADLEW] > Task :expo-dev-client:lintVitalAnalyzeRelease
[RUN_GRADLEW] > Task :expo-dev-launcher:lintVitalAnalyzeRelease
[RUN_GRADLEW] > Task :expo-dev-menu:lintVitalAnalyzeRelease
[RUN_GRADLEW] > Task :expo-dev-menu-interface:lintVitalAnalyzeRelease
[RUN_GRADLEW] > Task :expo-json-utils:lintVitalAnalyzeRelease
[RUN_GRADLEW] > Task :expo:lintVitalAnalyzeRelease
[RUN_GRADLEW] > Task :expo-log-box:lintVitalAnalyzeRelease
[RUN_GRADLEW] > Task :expo-manifests:lintVitalAnalyzeRelease
[RUN_GRADLEW] > Task :expo-updates-interface:lintVitalAnalyzeRelease
[RUN_GRADLEW] > Task :cosmo-gallery:generateReleaseLintVitalModel
[RUN_GRADLEW] > Task :expo:generateReleaseLintVitalModel
[RUN_GRADLEW] > Task :expo-constants:generateReleaseLintVitalModel
[RUN_GRADLEW] > Task :expo-dev-client:generateReleaseLintVitalModel
[RUN_GRADLEW] > Task :expo-dev-launcher:generateReleaseLintVitalModel
[RUN_GRADLEW] > Task :expo-dev-menu:generateReleaseLintVitalModel
[RUN_GRADLEW] > Task :expo-dev-menu-interface:generateReleaseLintVitalModel
[RUN_GRADLEW] > Task :expo-json-utils:generateReleaseLintVitalModel
[RUN_GRADLEW] > Task :expo-log-box:generateReleaseLintVitalModel
[RUN_GRADLEW] > Task :expo-manifests:generateReleaseLintVitalModel
[RUN_GRADLEW] > Task :expo-modules-core:generateReleaseLintVitalModel
[RUN_GRADLEW] > Task :expo-updates-interface:generateReleaseLintVitalModel
[RUN_GRADLEW] > Task :expo-modules-core:lintVitalAnalyzeRelease
[RUN_GRADLEW] > Task :react-native-reanimated:buildCMakeRelWithDebInfo[armeabi-v7a][reanimated]
[RUN_GRADLEW] C/C++: Hard link from '/home/codespace/.gradle/caches/9.3.1/transforms/2632d6d2d8d86a67264f1929d6ca7219/transformed/react-android-0.86.3-release/prefab/modules/reactnative/libs/android.armeabi-v7a/libreactnative.so' to '/tmp/codespace/eas-build-local-nodejs/466b137c-d6b3-49b2-9872-6f9cbf8a678e/build/node_modules/react-native-reanimated/android/build/intermediates/cxx/RelWithDebInfo/6g502048/obj/armeabi-v7a/libreactnative.so' failed. Doing a slower copy instead.
[RUN_GRADLEW] C/C++: Hard link from '/home/codespace/.gradle/caches/9.3.1/transforms/2632d6d2d8d86a67264f1929d6ca7219/transformed/react-android-0.86.3-release/prefab/modules/reactnative/libs/android.armeabi-v7a/libreactnative.so' to '/tmp/codespace/eas-build-local-nodejs/466b137c-d6b3-49b2-9872-6f9cbf8a678e/build/node_modules/react-native-reanimated/android/build/intermediates/cxx/RelWithDebInfo/6g502048/obj/armeabi-v7a/libreactnative.so' failed. Doing a slower copy instead.
[RUN_GRADLEW] > Task :react-native-reanimated:buildCMakeRelWithDebInfo[x86][reanimated]
[RUN_GRADLEW] C/C++: Hard link from '/home/codespace/.gradle/caches/9.3.1/transforms/2632d6d2d8d86a67264f1929d6ca7219/transformed/react-android-0.86.3-release/prefab/modules/reactnative/libs/android.x86/libreactnative.so' to '/tmp/codespace/eas-build-local-nodejs/466b137c-d6b3-49b2-9872-6f9cbf8a678e/build/node_modules/react-native-reanimated/android/build/intermediates/cxx/RelWithDebInfo/6g502048/obj/x86/libreactnative.so' failed. Doing a slower copy instead.
[RUN_GRADLEW] C/C++: Hard link from '/home/codespace/.gradle/caches/9.3.1/transforms/2632d6d2d8d86a67264f1929d6ca7219/transformed/react-android-0.86.3-release/prefab/modules/reactnative/libs/android.x86/libreactnative.so' to '/tmp/codespace/eas-build-local-nodejs/466b137c-d6b3-49b2-9872-6f9cbf8a678e/build/node_modules/react-native-reanimated/android/build/intermediates/cxx/RelWithDebInfo/6g502048/obj/x86/libreactnative.so' failed. Doing a slower copy instead.
[RUN_GRADLEW] > Task :react-native-reanimated:buildCMakeRelWithDebInfo[x86_64][reanimated]
[RUN_GRADLEW] C/C++: Hard link from '/home/codespace/.gradle/caches/9.3.1/transforms/2632d6d2d8d86a67264f1929d6ca7219/transformed/react-android-0.86.3-release/prefab/modules/reactnative/libs/android.x86_64/libreactnative.so' to '/tmp/codespace/eas-build-local-nodejs/466b137c-d6b3-49b2-9872-6f9cbf8a678e/build/node_modules/react-native-reanimated/android/build/intermediates/cxx/RelWithDebInfo/6g502048/obj/x86_64/libreactnative.so' failed. Doing a slower copy instead.
[RUN_GRADLEW] C/C++: Hard link from '/home/codespace/.gradle/caches/9.3.1/transforms/2632d6d2d8d86a67264f1929d6ca7219/transformed/react-android-0.86.3-release/prefab/modules/reactnative/libs/android.x86_64/libreactnative.so' to '/tmp/codespace/eas-build-local-nodejs/466b137c-d6b3-49b2-9872-6f9cbf8a678e/build/node_modules/react-native-reanimated/android/build/intermediates/cxx/RelWithDebInfo/6g502048/obj/x86_64/libreactnative.so' failed. Doing a slower copy instead.
[RUN_GRADLEW] > Task :react-native-reanimated:externalNativeBuildRelease
[RUN_GRADLEW] C/C++: Hard link from '/home/codespace/.gradle/caches/9.3.1/transforms/2632d6d2d8d86a67264f1929d6ca7219/transformed/react-android-0.86.3-release/prefab/modules/reactnative/libs/android.armeabi-v7a/libreactnative.so' to '/tmp/codespace/eas-build-local-nodejs/466b137c-d6b3-49b2-9872-6f9cbf8a678e/build/node_modules/react-native-reanimated/android/build/intermediates/cmake/release/obj/armeabi-v7a/libreactnative.so' failed. Doing a slower copy instead.
[RUN_GRADLEW] C/C++: Hard link from '/home/codespace/.gradle/caches/9.3.1/transforms/2632d6d2d8d86a67264f1929d6ca7219/transformed/react-android-0.86.3-release/prefab/modules/reactnative/libs/android.armeabi-v7a/libreactnative.so' to '/tmp/codespace/eas-build-local-nodejs/466b137c-d6b3-49b2-9872-6f9cbf8a678e/build/node_modules/react-native-reanimated/android/build/intermediates/cmake/release/obj/armeabi-v7a/libreactnative.so' failed. Doing a slower copy instead.
[RUN_GRADLEW] C/C++: Hard link from '/home/codespace/.gradle/caches/9.3.1/transforms/2632d6d2d8d86a67264f1929d6ca7219/transformed/react-android-0.86.3-release/prefab/modules/reactnative/libs/android.arm64-v8a/libreactnative.so' to '/tmp/codespace/eas-build-local-nodejs/466b137c-d6b3-49b2-9872-6f9cbf8a678e/build/node_modules/react-native-reanimated/android/build/intermediates/cmake/release/obj/arm64-v8a/libreactnative.so' failed. Doing a slower copy instead.
[RUN_GRADLEW] C/C++: Hard link from '/home/codespace/.gradle/caches/9.3.1/transforms/2632d6d2d8d86a67264f1929d6ca7219/transformed/react-android-0.86.3-release/prefab/modules/reactnative/libs/android.arm64-v8a/libreactnative.so' to '/tmp/codespace/eas-build-local-nodejs/466b137c-d6b3-49b2-9872-6f9cbf8a678e/build/node_modules/react-native-reanimated/android/build/intermediates/cmake/release/obj/arm64-v8a/libreactnative.so' failed. Doing a slower copy instead.
[RUN_GRADLEW] C/C++: Hard link from '/home/codespace/.gradle/caches/9.3.1/transforms/2632d6d2d8d86a67264f1929d6ca7219/transformed/react-android-0.86.3-release/prefab/modules/reactnative/libs/android.x86/libreactnative.so' to '/tmp/codespace/eas-build-local-nodejs/466b137c-d6b3-49b2-9872-6f9cbf8a678e/build/node_modules/react-native-reanimated/android/build/intermediates/cmake/release/obj/x86/libreactnative.so' failed. Doing a slower copy instead.
[RUN_GRADLEW] C/C++: Hard link from '/home/codespace/.gradle/caches/9.3.1/transforms/2632d6d2d8d86a67264f1929d6ca7219/transformed/react-android-0.86.3-release/prefab/modules/reactnative/libs/android.x86/libreactnative.so' to '/tmp/codespace/eas-build-local-nodejs/466b137c-d6b3-49b2-9872-6f9cbf8a678e/build/node_modules/react-native-reanimated/android/build/intermediates/cmake/release/obj/x86/libreactnative.so' failed. Doing a slower copy instead.
[RUN_GRADLEW] C/C++: Hard link from '/home/codespace/.gradle/caches/9.3.1/transforms/2632d6d2d8d86a67264f1929d6ca7219/transformed/react-android-0.86.3-release/prefab/modules/reactnative/libs/android.x86_64/libreactnative.so' to '/tmp/codespace/eas-build-local-nodejs/466b137c-d6b3-49b2-9872-6f9cbf8a678e/build/node_modules/react-native-reanimated/android/build/intermediates/cmake/release/obj/x86_64/libreactnative.so' failed. Doing a slower copy instead.
[RUN_GRADLEW] C/C++: Hard link from '/home/codespace/.gradle/caches/9.3.1/transforms/2632d6d2d8d86a67264f1929d6ca7219/transformed/react-android-0.86.3-release/prefab/modules/reactnative/libs/android.x86_64/libreactnative.so' to '/tmp/codespace/eas-build-local-nodejs/466b137c-d6b3-49b2-9872-6f9cbf8a678e/build/node_modules/react-native-reanimated/android/build/intermediates/cmake/release/obj/x86_64/libreactnative.so' failed. Doing a slower copy instead.
[RUN_GRADLEW] > Task :react-native-reanimated:prefabReleasePackage
[RUN_GRADLEW] > Task :react-native-reanimated:mergeReleaseNativeLibs
[RUN_GRADLEW] > Task :react-native-reanimated:copyReleaseJniLibsProjectOnly
[RUN_GRADLEW] > Task :react-native-reanimated:generateReleaseLintModel
[RUN_GRADLEW] > Task :react-native-reanimated:stripReleaseDebugSymbols
[RUN_GRADLEW] > Task :react-native-reanimated:copyReleaseJniLibsProjectAndLocalJars
[RUN_GRADLEW] > Task :react-native-reanimated:bundleReleaseLocalLintAar
[RUN_GRADLEW] > Task :react-native-gesture-handler:buildCMakeRelWithDebInfo[arm64-v8a]
[RUN_GRADLEW] C/C++: Hard link from '/home/codespace/.gradle/caches/9.3.1/transforms/2632d6d2d8d86a67264f1929d6ca7219/transformed/react-android-0.86.3-release/prefab/modules/reactnative/libs/android.arm64-v8a/libreactnative.so' to '/tmp/codespace/eas-build-local-nodejs/466b137c-d6b3-49b2-9872-6f9cbf8a678e/build/node_modules/react-native-gesture-handler/android/build/intermediates/cxx/RelWithDebInfo/4t326u59/obj/arm64-v8a/libreactnative.so' failed. Doing a slower copy instead.
[RUN_GRADLEW] C/C++: Hard link from '/home/codespace/.gradle/caches/9.3.1/transforms/2632d6d2d8d86a67264f1929d6ca7219/transformed/react-android-0.86.3-release/prefab/modules/reactnative/libs/android.arm64-v8a/libreactnative.so' to '/tmp/codespace/eas-build-local-nodejs/466b137c-d6b3-49b2-9872-6f9cbf8a678e/build/node_modules/react-native-gesture-handler/android/build/intermediates/cxx/RelWithDebInfo/4t326u59/obj/arm64-v8a/libreactnative.so' failed. Doing a slower copy instead.
[RUN_GRADLEW] > Task :react-native-reanimated:lintVitalAnalyzeRelease SKIPPED
[RUN_GRADLEW] > Task :react-native-reanimated:generateReleaseLintVitalModel
[RUN_GRADLEW] > Task :react-native-gesture-handler:buildCMakeRelWithDebInfo[armeabi-v7a]
[RUN_GRADLEW] C/C++: Hard link from '/home/codespace/.gradle/caches/9.3.1/transforms/2632d6d2d8d86a67264f1929d6ca7219/transformed/react-android-0.86.3-release/prefab/modules/reactnative/libs/android.armeabi-v7a/libreactnative.so' to '/tmp/codespace/eas-build-local-nodejs/466b137c-d6b3-49b2-9872-6f9cbf8a678e/build/node_modules/react-native-gesture-handler/android/build/intermediates/cxx/RelWithDebInfo/4t326u59/obj/armeabi-v7a/libreactnative.so' failed. Doing a slower copy instead.
[RUN_GRADLEW] C/C++: Hard link from '/home/codespace/.gradle/caches/9.3.1/transforms/2632d6d2d8d86a67264f1929d6ca7219/transformed/react-android-0.86.3-release/prefab/modules/reactnative/libs/android.armeabi-v7a/libreactnative.so' to '/tmp/codespace/eas-build-local-nodejs/466b137c-d6b3-49b2-9872-6f9cbf8a678e/build/node_modules/react-native-gesture-handler/android/build/intermediates/cxx/RelWithDebInfo/4t326u59/obj/armeabi-v7a/libreactnative.so' failed. Doing a slower copy instead.
[RUN_GRADLEW] > Task :react-native-gesture-handler:buildCMakeRelWithDebInfo[x86]
[RUN_GRADLEW] C/C++: Hard link from '/home/codespace/.gradle/caches/9.3.1/transforms/2632d6d2d8d86a67264f1929d6ca7219/transformed/react-android-0.86.3-release/prefab/modules/reactnative/libs/android.x86/libreactnative.so' to '/tmp/codespace/eas-build-local-nodejs/466b137c-d6b3-49b2-9872-6f9cbf8a678e/build/node_modules/react-native-gesture-handler/android/build/intermediates/cxx/RelWithDebInfo/4t326u59/obj/x86/libreactnative.so' failed. Doing a slower copy instead.
[RUN_GRADLEW] C/C++: Hard link from '/home/codespace/.gradle/caches/9.3.1/transforms/2632d6d2d8d86a67264f1929d6ca7219/transformed/react-android-0.86.3-release/prefab/modules/reactnative/libs/android.x86/libreactnative.so' to '/tmp/codespace/eas-build-local-nodejs/466b137c-d6b3-49b2-9872-6f9cbf8a678e/build/node_modules/react-native-gesture-handler/android/build/intermediates/cxx/RelWithDebInfo/4t326u59/obj/x86/libreactnative.so' failed. Doing a slower copy instead.
[RUN_GRADLEW] > Task :react-native-gesture-handler:buildCMakeRelWithDebInfo[x86_64]
[RUN_GRADLEW] C/C++: Hard link from '/home/codespace/.gradle/caches/9.3.1/transforms/2632d6d2d8d86a67264f1929d6ca7219/transformed/react-android-0.86.3-release/prefab/modules/reactnative/libs/android.x86_64/libreactnative.so' to '/tmp/codespace/eas-build-local-nodejs/466b137c-d6b3-49b2-9872-6f9cbf8a678e/build/node_modules/react-native-gesture-handler/android/build/intermediates/cxx/RelWithDebInfo/4t326u59/obj/x86_64/libreactnative.so' failed. Doing a slower copy instead.
[RUN_GRADLEW] C/C++: Hard link from '/home/codespace/.gradle/caches/9.3.1/transforms/2632d6d2d8d86a67264f1929d6ca7219/transformed/react-android-0.86.3-release/prefab/modules/reactnative/libs/android.x86_64/libreactnative.so' to '/tmp/codespace/eas-build-local-nodejs/466b137c-d6b3-49b2-9872-6f9cbf8a678e/build/node_modules/react-native-gesture-handler/android/build/intermediates/cxx/RelWithDebInfo/4t326u59/obj/x86_64/libreactnative.so' failed. Doing a slower copy instead.
[RUN_GRADLEW] > Task :react-native-gesture-handler:mergeReleaseNativeLibs
[RUN_GRADLEW] > Task :react-native-gesture-handler:generateReleaseLintModel
[RUN_GRADLEW] > Task :react-native-gesture-handler:copyReleaseJniLibsProjectOnly
[RUN_GRADLEW] > Task :react-native-gesture-handler:stripReleaseDebugSymbols
[RUN_GRADLEW] > Task :react-native-gesture-handler:copyReleaseJniLibsProjectAndLocalJars
[RUN_GRADLEW] > Task :react-native-gesture-handler:bundleReleaseLocalLintAar
[RUN_GRADLEW] > Task :react-native-gesture-handler:generateReleaseLintVitalModel
[RUN_GRADLEW] > Task :app:buildCMakeRelWithDebInfo[arm64-v8a]
[RUN_GRADLEW] > Task :react-native-gesture-handler:lintVitalAnalyzeRelease
[RUN_GRADLEW] > Task :app:buildCMakeRelWithDebInfo[arm64-v8a]
[RUN_GRADLEW] C/C++: Hard link from '/home/codespace/.gradle/caches/9.3.1/transforms/2632d6d2d8d86a67264f1929d6ca7219/transformed/react-android-0.86.3-release/prefab/modules/reactnative/libs/android.arm64-v8a/libreactnative.so' to '/tmp/codespace/eas-build-local-nodejs/466b137c-d6b3-49b2-9872-6f9cbf8a678e/build/android/app/build/intermediates/cxx/RelWithDebInfo/2y5665ny/obj/arm64-v8a/libreactnative.so' failed. Doing a slower copy instead.
[RUN_GRADLEW] C/C++: Hard link from '/home/codespace/.gradle/caches/9.3.1/transforms/2632d6d2d8d86a67264f1929d6ca7219/transformed/react-android-0.86.3-release/prefab/modules/reactnative/libs/android.arm64-v8a/libreactnative.so' to '/tmp/codespace/eas-build-local-nodejs/466b137c-d6b3-49b2-9872-6f9cbf8a678e/build/android/app/build/intermediates/cxx/RelWithDebInfo/2y5665ny/obj/arm64-v8a/libreactnative.so' failed. Doing a slower copy instead.
[RUN_GRADLEW] > Task :app:buildCMakeRelWithDebInfo[armeabi-v7a]
[RUN_GRADLEW] C/C++: Hard link from '/home/codespace/.gradle/caches/9.3.1/transforms/2632d6d2d8d86a67264f1929d6ca7219/transformed/react-android-0.86.3-release/prefab/modules/reactnative/libs/android.armeabi-v7a/libreactnative.so' to '/tmp/codespace/eas-build-local-nodejs/466b137c-d6b3-49b2-9872-6f9cbf8a678e/build/android/app/build/intermediates/cxx/RelWithDebInfo/2y5665ny/obj/armeabi-v7a/libreactnative.so' failed. Doing a slower copy instead.
[RUN_GRADLEW] C/C++: Hard link from '/home/codespace/.gradle/caches/9.3.1/transforms/2632d6d2d8d86a67264f1929d6ca7219/transformed/react-android-0.86.3-release/prefab/modules/reactnative/libs/android.armeabi-v7a/libreactnative.so' to '/tmp/codespace/eas-build-local-nodejs/466b137c-d6b3-49b2-9872-6f9cbf8a678e/build/android/app/build/intermediates/cxx/RelWithDebInfo/2y5665ny/obj/armeabi-v7a/libreactnative.so' failed. Doing a slower copy instead.
[RUN_GRADLEW] > Task :app:buildCMakeRelWithDebInfo[x86]
[RUN_GRADLEW] C/C++: Hard link from '/home/codespace/.gradle/caches/9.3.1/transforms/2632d6d2d8d86a67264f1929d6ca7219/transformed/react-android-0.86.3-release/prefab/modules/reactnative/libs/android.x86/libreactnative.so' to '/tmp/codespace/eas-build-local-nodejs/466b137c-d6b3-49b2-9872-6f9cbf8a678e/build/android/app/build/intermediates/cxx/RelWithDebInfo/2y5665ny/obj/x86/libreactnative.so' failed. Doing a slower copy instead.
[RUN_GRADLEW] C/C++: Hard link from '/home/codespace/.gradle/caches/9.3.1/transforms/2632d6d2d8d86a67264f1929d6ca7219/transformed/react-android-0.86.3-release/prefab/modules/reactnative/libs/android.x86/libreactnative.so' to '/tmp/codespace/eas-build-local-nodejs/466b137c-d6b3-49b2-9872-6f9cbf8a678e/build/android/app/build/intermediates/cxx/RelWithDebInfo/2y5665ny/obj/x86/libreactnative.so' failed. Doing a slower copy instead.
[RUN_GRADLEW] > Task :app:buildCMakeRelWithDebInfo[x86_64]
[RUN_GRADLEW] C/C++: Hard link from '/home/codespace/.gradle/caches/9.3.1/transforms/2632d6d2d8d86a67264f1929d6ca7219/transformed/react-android-0.86.3-release/prefab/modules/reactnative/libs/android.x86_64/libreactnative.so' to '/tmp/codespace/eas-build-local-nodejs/466b137c-d6b3-49b2-9872-6f9cbf8a678e/build/android/app/build/intermediates/cxx/RelWithDebInfo/2y5665ny/obj/x86_64/libreactnative.so' failed. Doing a slower copy instead.
[RUN_GRADLEW] C/C++: Hard link from '/home/codespace/.gradle/caches/9.3.1/transforms/2632d6d2d8d86a67264f1929d6ca7219/transformed/react-android-0.86.3-release/prefab/modules/reactnative/libs/android.x86_64/libreactnative.so' to '/tmp/codespace/eas-build-local-nodejs/466b137c-d6b3-49b2-9872-6f9cbf8a678e/build/android/app/build/intermediates/cxx/RelWithDebInfo/2y5665ny/obj/x86_64/libreactnative.so' failed. Doing a slower copy instead.
[RUN_GRADLEW] > Task :app:generateReleaseLintVitalReportModel
[RUN_GRADLEW] > Task :app:lintVitalAnalyzeRelease
[RUN_GRADLEW] > Task :app:lintVitalReportRelease
[RUN_GRADLEW] > Task :app:lintVitalRelease
[RUN_GRADLEW] > Task :app:mergeReleaseNativeLibs
[RUN_GRADLEW] > Task :app:stripReleaseDebugSymbols
[RUN_GRADLEW] > Task :app:buildReleasePreBundle
[RUN_GRADLEW] > Task :app:extractReleaseNativeSymbolTables
[RUN_GRADLEW] > Task :app:packageReleaseBundle
[RUN_GRADLEW] > Task :app:signReleaseBundle
[RUN_GRADLEW] > Task :app:produceReleaseBundleIdeListingFile
[RUN_GRADLEW] > Task :app:createReleaseBundleListingFileRedirect
[RUN_GRADLEW] > Task :app:bundleRelease
[RUN_GRADLEW] [Incubating] Problems report is available at: file:///tmp/codespace/eas-build-local-nodejs/466b137c-d6b3-49b2-9872-6f9cbf8a678e/build/android/build/reports/problems/problems-report.html
[RUN_GRADLEW] Deprecated Gradle features were used in this build, making it incompatible with Gradle 10.
[RUN_GRADLEW] You can use '--warning-mode all' to show the individual deprecation warnings and determine if they come from your own scripts or plugins.
[RUN_GRADLEW] For more on this, please refer to https://docs.gradle.org/9.3.1/userguide/command_line_interface.html#sec:command_line_warnings in the Gradle documentation.
[RUN_GRADLEW] BUILD SUCCESSFUL in 20m 39s
[RUN_GRADLEW] 973 actionable tasks: 973 executed
[RUN_GRADLEW] See the profiling report at: file:///tmp/codespace/eas-build-local-nodejs/466b137c-d6b3-49b2-9872-6f9cbf8a678e/build/android/build/reports/profile/profile-2026-09-30-12-16-27.html
[RUN_GRADLEW] A fine-grained performance profile is available: use the --scan option.
[GRADLE_BUILD_PROFILE] Gradle Build — Task Execution Profile
114 tasks, total task time: 1227.8s
% Time = share of total task execution time

┌──────────────────────────────────────────────────┬────────────┬──────────┬────────────┬──────────────────────┐
│ Task                                             │   Duration │   % Time │ Result     │                      │
├──────────────────────────────────────────────────┼────────────┼──────────┼────────────┼──────────────────────┤
│ :react-native-google-mobile-ads                  │      57.8s │     4.7% │ total      │ █░░░░░░░░░░░░░░░░░░░ │
│   ├─ lintVitalAnalyzeRelease                     │      32.6s │     2.7% │ executed   │ █░░░░░░░░░░░░░░░░░░░ │
│   ├─ compileReleaseKotlin                        │      22.4s │     1.8% │ executed   │ ░░░░░░░░░░░░░░░░░░░░ │
│   └─ compileReleaseJavaWithJavac                 │       1.1s │     0.1% │ executed   │ ░░░░░░░░░░░░░░░░░░░░ │
│ :react-native-safe-area-context                  │      45.6s │     3.7% │ total      │ █░░░░░░░░░░░░░░░░░░░ │
│   ├─ lintVitalAnalyzeRelease                     │      24.6s │     2.0% │ executed   │ ░░░░░░░░░░░░░░░░░░░░ │
│   └─ compileReleaseKotlin                        │      19.3s │     1.6% │ executed   │ ░░░░░░░░░░░░░░░░░░░░ │
│ :react-native-webview                            │      28.9s │     2.4% │ total      │ ░░░░░░░░░░░░░░░░░░░░ │
│   ├─ compileReleaseKotlin                        │      19.9s │     1.6% │ executed   │ ░░░░░░░░░░░░░░░░░░░░ │
│   ├─ lintVitalAnalyzeRelease                     │       5.4s │     0.4% │ executed   │ ░░░░░░░░░░░░░░░░░░░░ │
│   └─ compileReleaseJavaWithJavac                 │       1.2s │     0.1% │ executed   │ ░░░░░░░░░░░░░░░░░░░░ │
│ :react-native-async-storage_async-storage        │      28.1s │     2.3% │ total      │ ░░░░░░░░░░░░░░░░░░░░ │
│   ├─ lintVitalAnalyzeRelease                     │      24.5s │     2.0% │ executed   │ ░░░░░░░░░░░░░░░░░░░░ │
│   └─ generateReleaseLintModel                    │       1.8s │     0.1% │ executed   │ ░░░░░░░░░░░░░░░░░░░░ │
│ :react-native-svg                                │      24.2s │     2.0% │ total      │ ░░░░░░░░░░░░░░░░░░░░ │
│   ├─ compileReleaseJavaWithJavac                 │      15.0s │     1.2% │ executed   │ ░░░░░░░░░░░░░░░░░░░░ │
│   └─ lintVitalAnalyzeRelease                     │       7.5s │     0.6% │ executed   │ ░░░░░░░░░░░░░░░░░░░░ │
│ :react-native-view-shot                          │      21.0s │     1.7% │ total      │ ░░░░░░░░░░░░░░░░░░░░ │
│   ├─ extractReleaseAnnotations                   │      18.0s │     1.5% │ executed   │ ░░░░░░░░░░░░░░░░░░░░ │
│   └─ lintVitalAnalyzeRelease                     │       1.4s │     0.1% │ executed   │ ░░░░░░░░░░░░░░░░░░░░ │
│ :expo-log-box                                    │      20.9s │     1.7% │ total      │ ░░░░░░░░░░░░░░░░░░░░ │
│   ├─ compileReleaseKotlin                        │      10.6s │     0.9% │ executed   │ ░░░░░░░░░░░░░░░░░░░░ │
│   └─ lintVitalAnalyzeRelease                     │       8.7s │     0.7% │ executed   │ ░░░░░░░░░░░░░░░░░░░░ │
│ :expo-dev-launcher                               │      16.9s │     1.4% │ total      │ ░░░░░░░░░░░░░░░░░░░░ │
│   ├─ compileReleaseKotlin                        │       9.3s │     0.8% │ executed   │ ░░░░░░░░░░░░░░░░░░░░ │
│   └─ lintVitalAnalyzeRelease                     │       5.6s │     0.5% │ executed   │ ░░░░░░░░░░░░░░░░░░░░ │
│ :cosmo-gallery                                   │      16.0s │     1.3% │ total      │ ░░░░░░░░░░░░░░░░░░░░ │
│   ├─ compileReleaseKotlin                        │       5.1s │     0.4% │ executed   │ ░░░░░░░░░░░░░░░░░░░░ │
│   ├─ mergeReleaseAssets                          │       4.2s │     0.3% │ executed   │ ░░░░░░░░░░░░░░░░░░░░ │
│   ├─ parseReleaseLocalResources                  │       2.8s │     0.2% │ executed   │ ░░░░░░░░░░░░░░░░░░░░ │
│   └─ lintVitalAnalyzeRelease                     │       2.1s │     0.2% │ executed   │ ░░░░░░░░░░░░░░░░░░░░ │
│ :react-native-gradle-plugin                      │      15.4s │     1.3% │ total      │ ░░░░░░░░░░░░░░░░░░░░ │
│   └─ compileKotlin                               │      15.3s │     1.2% │ executed   │ ░░░░░░░░░░░░░░░░░░░░ │
│ :expo-manifests                                  │      12.3s │     1.0% │ total      │ ░░░░░░░░░░░░░░░░░░░░ │
│   ├─ compileReleaseKotlin                        │       8.3s │     0.7% │ executed   │ ░░░░░░░░░░░░░░░░░░░░ │
│   └─ lintVitalAnalyzeRelease                     │       3.2s │     0.3% │ executed   │ ░░░░░░░░░░░░░░░░░░░░ │
│ :expo-autolinking-plugin-shared                  │      12.3s │     1.0% │ total      │ ░░░░░░░░░░░░░░░░░░░░ │
│   └─ compileKotlin                               │      12.2s │     1.0% │ executed   │ ░░░░░░░░░░░░░░░░░░░░ │
│ :shared                                          │      11.1s │     0.9% │ total      │ ░░░░░░░░░░░░░░░░░░░░ │
│   └─ compileKotlin                               │      11.1s │     0.9% │ executed   │ ░░░░░░░░░░░░░░░░░░░░ │
│ :expo-autolinking-plugin                         │      10.7s │     0.9% │ total      │ ░░░░░░░░░░░░░░░░░░░░ │
│   └─ compileKotlin                               │      10.6s │     0.9% │ executed   │ ░░░░░░░░░░░░░░░░░░░░ │
│ :expo-max-sdk-override-plugin                    │      10.5s │     0.9% │ total      │ ░░░░░░░░░░░░░░░░░░░░ │
│   └─ compileKotlin                               │      10.5s │     0.9% │ executed   │ ░░░░░░░░░░░░░░░░░░░░ │
│ :expo-autolinking-settings-plugin                │       8.7s │     0.7% │ total      │ ░░░░░░░░░░░░░░░░░░░░ │
│   └─ compileKotlin                               │       8.6s │     0.7% │ executed   │ ░░░░░░░░░░░░░░░░░░░░ │
│ :expo-constants                                  │       8.4s │     0.7% │ total      │ ░░░░░░░░░░░░░░░░░░░░ │
│   ├─ compileReleaseKotlin                        │       5.1s │     0.4% │ executed   │ ░░░░░░░░░░░░░░░░░░░░ │
│   └─ lintVitalAnalyzeRelease                     │       2.1s │     0.2% │ executed   │ ░░░░░░░░░░░░░░░░░░░░ │
│ :expo-dev-menu                                   │       8.1s │     0.7% │ total      │ ░░░░░░░░░░░░░░░░░░░░ │
│   ├─ compileReleaseKotlin                        │       5.2s │     0.4% │ executed   │ ░░░░░░░░░░░░░░░░░░░░ │
│   └─ lintVitalAnalyzeRelease                     │       1.7s │     0.1% │ executed   │ ░░░░░░░░░░░░░░░░░░░░ │
│ :settings-plugin                                 │       8.0s │     0.6% │ total      │ ░░░░░░░░░░░░░░░░░░░░ │
│   └─ compileKotlin                               │       8.0s │     0.6% │ executed   │ ░░░░░░░░░░░░░░░░░░░░ │
│ :                                                │       7.6s │     0.6% │ total      │ ░░░░░░░░░░░░░░░░░░░░ │
│ :expo-updates-interface                          │       6.9s │     0.6% │ total      │ ░░░░░░░░░░░░░░░░░░░░ │
│   └─ compileReleaseKotlin                        │       5.4s │     0.4% │ executed   │ ░░░░░░░░░░░░░░░░░░░░ │
│ :expo-json-utils                                 │       6.8s │     0.6% │ total      │ ░░░░░░░░░░░░░░░░░░░░ │
│   ├─ compileReleaseKotlin                        │       4.6s │     0.4% │ executed   │ ░░░░░░░░░░░░░░░░░░░░ │
│   └─ lintVitalAnalyzeRelease                     │       1.6s │     0.1% │ executed   │ ░░░░░░░░░░░░░░░░░░░░ │
│ :react-native-community_slider                   │       3.5s │     0.3% │ total      │ ░░░░░░░░░░░░░░░░░░░░ │
│   └─ lintVitalAnalyzeRelease                     │       1.5s │     0.1% │ executed   │ ░░░░░░░░░░░░░░░░░░░░ │
│ :expo-dev-client                                 │       2.9s │     0.2% │ total      │ ░░░░░░░░░░░░░░░░░░░░ │
│   └─ lintVitalAnalyzeRelease                     │       1.7s │     0.1% │ executed   │ ░░░░░░░░░░░░░░░░░░░░ │
│ :expo-dev-menu-interface                         │       2.0s │     0.2% │ total      │ ░░░░░░░░░░░░░░░░░░░░ │
│ :expo-modules-core:compileReleaseKotlin          │      58.4s │     4.8% │ executed   │ █░░░░░░░░░░░░░░░░░░░ │
│ :expo-modules-core:build…ithDebInfo[armeabi-v7a] │      52.8s │     4.3% │ executed   │ █░░░░░░░░░░░░░░░░░░░ │
│ :react-native-worklets:b…fo[arm64-v8a][worklets] │      48.3s │     3.9% │ executed   │ █░░░░░░░░░░░░░░░░░░░ │
│ :expo-modules-core:lintVitalAnalyzeRelease       │      44.4s │     3.6% │ executed   │ █░░░░░░░░░░░░░░░░░░░ │
│ :expo-modules-core:build…lWithDebInfo[arm64-v8a] │      41.8s │     3.4% │ executed   │ █░░░░░░░░░░░░░░░░░░░ │
│ :react-native-worklets:b…[armeabi-v7a][worklets] │      41.8s │     3.4% │ executed   │ █░░░░░░░░░░░░░░░░░░░ │
│ :expo-modules-core:build…eRelWithDebInfo[x86_64] │      41.2s │     3.4% │ executed   │ █░░░░░░░░░░░░░░░░░░░ │
│ :app:createBundleReleaseJsAndAssets              │      40.0s │     3.3% │ executed   │ █░░░░░░░░░░░░░░░░░░░ │
│ :expo:compileReleaseKotlin                       │      36.6s │     3.0% │ executed   │ █░░░░░░░░░░░░░░░░░░░ │
│ :react-native-gesture-ha…er:compileReleaseKotlin │      34.9s │     2.8% │ executed   │ █░░░░░░░░░░░░░░░░░░░ │
│ :expo-modules-core:buildCMakeRelWithDebInfo[x86] │      34.4s │     2.8% │ executed   │ █░░░░░░░░░░░░░░░░░░░ │
│ :app:collectReleaseDependencies                  │      34.3s │     2.8% │ executed   │ █░░░░░░░░░░░░░░░░░░░ │
│ :react-native-worklets:c…lWithDebInfo[arm64-v8a] │      32.4s │     2.6% │ executed   │ █░░░░░░░░░░░░░░░░░░░ │
│ :react-native-worklets:b…bInfo[x86_64][worklets] │      28.8s │     2.3% │ executed   │ ░░░░░░░░░░░░░░░░░░░░ │
│ :react-native-worklets:b…hDebInfo[x86][worklets] │      27.7s │     2.3% │ executed   │ ░░░░░░░░░░░░░░░░░░░░ │
│ :expo:lintVitalAnalyzeRelease                    │      21.5s │     1.8% │ executed   │ ░░░░░░░░░░░░░░░░░░░░ │
│ :app:mergeExtDexRelease                          │      18.7s │     1.5% │ executed   │ ░░░░░░░░░░░░░░░░░░░░ │
│ :react-native-reanimated:compileReleaseKotlin    │      18.1s │     1.5% │ executed   │ ░░░░░░░░░░░░░░░░░░░░ │
│ :react-native-worklets:compileReleaseKotlin      │      16.7s │     1.4% │ executed   │ ░░░░░░░░░░░░░░░░░░░░ │
│ :react-native-gesture-ha…lintVitalAnalyzeRelease │      13.7s │     1.1% │ executed   │ ░░░░░░░░░░░░░░░░░░░░ │
│ :react-native-gesture-ha…eLibRuntimeToJarRelease │      11.5s │     0.9% │ executed   │ ░░░░░░░░░░░░░░░░░░░░ │
│ :app:mergeDexRelease                             │       9.1s │     0.7% │ executed   │ ░░░░░░░░░░░░░░░░░░░░ │
│ :app:compileReleaseKotlin                        │       8.7s │     0.7% │ executed   │ ░░░░░░░░░░░░░░░░░░░░ │
│ :app:mergeReleaseResources                       │       8.5s │     0.7% │ executed   │ ░░░░░░░░░░░░░░░░░░░░ │
│ :react-native-gesture-ha…lWithDebInfo[arm64-v8a] │       7.6s │     0.6% │ executed   │ ░░░░░░░░░░░░░░░░░░░░ │
│ :compileKotlin                                   │       7.5s │     0.6% │ executed   │ ░░░░░░░░░░░░░░░░░░░░ │
│ :react-native-gesture-ha…MakeRelWithDebInfo[x86] │       7.5s │     0.6% │ executed   │ ░░░░░░░░░░░░░░░░░░░░ │
│ :app:mergeReleaseJavaResource                    │       7.2s │     0.6% │ executed   │ ░░░░░░░░░░░░░░░░░░░░ │
│ :app:mergeReleaseNativeLibs                      │       7.1s │     0.6% │ executed   │ ░░░░░░░░░░░░░░░░░░░░ │
│ :react-native-gesture-ha…eRelWithDebInfo[x86_64] │       6.5s │     0.5% │ executed   │ ░░░░░░░░░░░░░░░░░░░░ │
│ :react-native-gesture-ha…ithDebInfo[armeabi-v7a] │       6.4s │     0.5% │ executed   │ ░░░░░░░░░░░░░░░░░░░░ │
│ :app:signReleaseBundle                           │       5.3s │     0.4% │ executed   │ ░░░░░░░░░░░░░░░░░░░░ │
│ :app:mapReleaseSourceSetPaths                    │       4.6s │     0.4% │ executed   │ ░░░░░░░░░░░░░░░░░░░░ │
│ :expo:bundleLibRuntimeToJarRelease               │       4.4s │     0.4% │ executed   │ ░░░░░░░░░░░░░░░░░░░░ │
│ :app:processReleaseResources                     │       3.7s │     0.3% │ executed   │ ░░░░░░░░░░░░░░░░░░░░ │
│ :react-native-worklets:e…ernalNativeBuildRelease │       3.4s │     0.3% │ executed   │ ░░░░░░░░░░░░░░░░░░░░ │
│ :react-native-worklets:c…ithDebInfo[armeabi-v7a] │       3.3s │     0.3% │ executed   │ ░░░░░░░░░░░░░░░░░░░░ │
│ :react-native-gesture-ha…eRelWithDebInfo[x86_64] │       3.2s │     0.3% │ executed   │ ░░░░░░░░░░░░░░░░░░░░ │
│ :react-native-gesture-ha…MakeRelWithDebInfo[x86] │       3.0s │     0.2% │ executed   │ ░░░░░░░░░░░░░░░░░░░░ │
│ :react-native-gesture-ha…ithDebInfo[armeabi-v7a] │       2.8s │     0.2% │ executed   │ ░░░░░░░░░░░░░░░░░░░░ │
│ :expo:parseReleaseLocalResources                 │       2.8s │     0.2% │ executed   │ ░░░░░░░░░░░░░░░░░░░░ │
│ :app:configureCMakeRelWithDebInfo[x86]           │       2.5s │     0.2% │ executed   │ ░░░░░░░░░░░░░░░░░░░░ │
│ :app:configureCMakeRelWithDebInfo[x86_64]        │       2.4s │     0.2% │ executed   │ ░░░░░░░░░░░░░░░░░░░░ │
│ :app:configureCMakeRelWithDebInfo[armeabi-v7a]   │       2.3s │     0.2% │ executed   │ ░░░░░░░░░░░░░░░░░░░░ │
│ :app:dexBuilderRelease                           │       2.3s │     0.2% │ executed   │ ░░░░░░░░░░░░░░░░░░░░ │
│ :expo:generateReleaseLintModel                   │       2.3s │     0.2% │ executed   │ ░░░░░░░░░░░░░░░░░░░░ │
│ :app:mergeReleaseGlobalSynthetics                │       2.3s │     0.2% │ executed   │ ░░░░░░░░░░░░░░░░░░░░ │
│ :react-native-reanimated…ernalNativeBuildRelease │       2.3s │     0.2% │ executed   │ ░░░░░░░░░░░░░░░░░░░░ │
│ :app:packageReleaseBundle                        │       2.3s │     0.2% │ executed   │ ░░░░░░░░░░░░░░░░░░░░ │
│ :react-native-gesture-ha…lWithDebInfo[arm64-v8a] │       2.1s │     0.2% │ executed   │ ░░░░░░░░░░░░░░░░░░░░ │
│ :expo-modules-core:confi…MakeRelWithDebInfo[x86] │       2.0s │     0.2% │ executed   │ ░░░░░░░░░░░░░░░░░░░░ │
│ :react-native-reanimated…ndleReleaseLocalLintAar │       2.0s │     0.2% │ executed   │ ░░░░░░░░░░░░░░░░░░░░ │
│ :app:checkReleaseDuplicateClasses                │       1.8s │     0.1% │ executed   │ ░░░░░░░░░░░░░░░░░░░░ │
│ :app:bundleReleaseResources                      │       1.8s │     0.1% │ executed   │ ░░░░░░░░░░░░░░░░░░░░ │
│ :expo-modules-core:syncReleaseLibJars            │       1.8s │     0.1% │ executed   │ ░░░░░░░░░░░░░░░░░░░░ │
│ :expo-modules-core:confi…ithDebInfo[armeabi-v7a] │       1.7s │     0.1% │ executed   │ ░░░░░░░░░░░░░░░░░░░░ │
│ :react-native-reanimated…leaseJniLibsProjectOnly │       1.7s │     0.1% │ executed   │ ░░░░░░░░░░░░░░░░░░░░ │
│ :expo-modules-core:mergeReleaseNativeLibs        │       1.7s │     0.1% │ executed   │ ░░░░░░░░░░░░░░░░░░░░ │
│ :react-native-reanimated…eRelWithDebInfo[x86_64] │       1.7s │     0.1% │ executed   │ ░░░░░░░░░░░░░░░░░░░░ │
│ :react-native-reanimated…MakeRelWithDebInfo[x86] │       1.7s │     0.1% │ executed   │ ░░░░░░░░░░░░░░░░░░░░ │
│ :app:lintVitalAnalyzeRelease                     │       1.6s │     0.1% │ executed   │ ░░░░░░░░░░░░░░░░░░░░ │
│ :app:buildReleasePreBundle                       │       1.6s │     0.1% │ executed   │ ░░░░░░░░░░░░░░░░░░░░ │
│ :app:mergeReleaseAssets                          │       1.6s │     0.1% │ executed   │ ░░░░░░░░░░░░░░░░░░░░ │
│ :react-native-reanimated…lWithDebInfo[arm64-v8a] │       1.4s │     0.1% │ executed   │ ░░░░░░░░░░░░░░░░░░░░ │
│ :react-native-worklets:c…MakeRelWithDebInfo[x86] │       1.4s │     0.1% │ executed   │ ░░░░░░░░░░░░░░░░░░░░ │
│ :expo-modules-core:confi…lWithDebInfo[arm64-v8a] │       1.4s │     0.1% │ executed   │ ░░░░░░░░░░░░░░░░░░░░ │
│ :react-native-reanimated…ithDebInfo[armeabi-v7a] │       1.4s │     0.1% │ executed   │ ░░░░░░░░░░░░░░░░░░░░ │
│ :react-native-reanimated:mergeReleaseNativeLibs  │       1.3s │     0.1% │ executed   │ ░░░░░░░░░░░░░░░░░░░░ │
│ :expo-modules-core:copyReleaseJniLibsProjectOnly │       1.3s │     0.1% │ executed   │ ░░░░░░░░░░░░░░░░░░░░ │
│ :react-native-worklets:c…eRelWithDebInfo[x86_64] │       1.3s │     0.1% │ executed   │ ░░░░░░░░░░░░░░░░░░░░ │
│ :react-native-worklets:stripReleaseDebugSymbols  │       1.2s │     0.1% │ executed   │ ░░░░░░░░░░░░░░░░░░░░ │
│ :app:compileReleaseArtProfile                    │       1.2s │     0.1% │ executed   │ ░░░░░░░░░░░░░░░░░░░░ │
│ :app:processReleaseMainManifest                  │       1.1s │     0.1% │ executed   │ ░░░░░░░░░░░░░░░░░░░░ │
│ :expo:compileReleaseJavaWithJavac                │       1.0s │     0.1% │ executed   │ ░░░░░░░░░░░░░░░░░░░░ │
├──────────────────────────────────────────────────┼────────────┼──────────┼────────────┼──────────────────────┤
│ TOTAL                                            │    1227.8s │   100.0% │            │                      │
└──────────────────────────────────────────────────┴────────────┴──────────┴────────────┴──────────────────────┘

[UPLOAD_APPLICATION_ARCHIVE] Application archives:
[UPLOAD_APPLICATION_ARCHIVE]   - /tmp/codespace/eas-build-local-nodejs/466b137c-d6b3-49b2-9872-6f9cbf8a678e/build/android/app/build/outputs/bundle/release/app-release.aab (67.3 MB)
[UPLOAD_APPLICATION_ARCHIVE] Uploading application archive...
[PREPARE_ARTIFACTS] Preparing artifacts
[PREPARE_ARTIFACTS] Writing artifacts to /workspaces/cosmopedia-app/cosmopedia.aab
[SAVE_CACHE] Local builds do not support saving cache.

Build successful
You can find the build artifacts in /workspaces/cosmopedia-app/cosmopedia.aab
